{
  "v": "5.5.9",
  "fr": 29.9700012207031,
  "ip": 0,
  "op": 60.0000024438501,
  "w": 1080,
  "h": 1080,
  "nm": "Comp 1",
  "ddd": 0,
  "assets": [
    {
      "id": "image_0",
      "w": 1357,
      "h": 1357,
      "u": "animation27/",
      "p": "img_0.png",
      "e": 0
    }
  ],
  "layers": [
    {
      "ddd": 0,
      "ind": 1,
      "ty": 2,
      "nm": "rays.png",
      "cl": "png",
      "refId": "image_0",
      "sr": 1,
      "ks": {
        "o": {
          "a": 1,
          "k": [
            {
              "i": {
                "x": [
                  0.833
                ],
                "y": [
                  0.833
                ]
              },
              "o": {
                "x": [
                  0.167
                ],
                "y": [
                  0.167
                ]
              },
              "t": 0,
              "s": [
                100
              ]
            },
            {
              "i": {
                "x": [
                  0.833
                ],
                "y": [
                  0.833
                ]
              },
              "o": {
                "x": [
                  0.167
                ],
                "y": [
                  0.167
                ]
              },
              "t": 20,
              "s": [
                32
              ]
            },
            {
              "t": 60.0000024438501,
              "s": [
                100
              ]
            }
          ],
          "ix": 11
        },
        "r": {
          "a": 1,
          "k": [
            {
              "i": {
                "x": [
                  0.833
                ],
                "y": [
                  0.833
                ]
              },
              "o": {
                "x": [
                  0.167
                ],
                "y": [
                  0.167
                ]
              },
              "t": 0,
              "s": [
                0
              ]
            },
            {
              "t": 60.0000024438501,
              "s": [
                73
              ]
            }
          ],
          "ix": 10
        },
        "p": {
          "a": 0,
          "k": [
            -6,
            4,
            0
          ],
          "ix": 2
        },
        "a": {
          "a": 0,
          "k": [
            678.5,
            678.5,
            0
          ],
          "ix": 1
        },
        "s": {
          "a": 0,
          "k": [
            200,
            200,
            100
          ],
          "ix": 6
        }
      },
      "ao": 0,
      "ip": 0,
      "op": 900.000036657751,
      "st": 0,
      "bm": 0
    }
  ],
  "markers": []
}