{
  "v": "5.5.9",
  "fr": 30,
  "ip": 0,
  "op": 60,
  "w": 1080,
  "h": 1080,
  "nm": "Comp 2",
  "ddd": 0,
  "assets": [
    {
      "id": "comp_0",
      "layers": [
        {
          "ddd": 0,
          "ind": 1,
          "ty": 4,
          "nm": "Shape Layer 6",
          "sr": 1,
          "ks": {
            "o": {
              "a": 0,
              "k": 20,
              "ix": 11
            },
            "r": {
              "a": 0,
              "k": 0,
              "ix": 10
            },
            "p": {
              "a": 1,
              "k": [
                {
                  "i": {
                    "x": 0.833,
                    "y": 0.833
                  },
                  "o": {
                    "x": 0.167,
                    "y": 0.167
                  },
                  "t": 0,
                  "s": [
                    938,
                    232,
                    0
                  ],
                  "to": [
                    -28.667,
                    -8.667,
                    0
                  ],
                  "ti": [
                    126,
                    -58,
                    0
                  ]
                },
                {
                  "i": {
                    "x": 0.833,
                    "y": 0.833
                  },
                  "o": {
                    "x": 0.167,
                    "y": 0.167
                  },
                  "t": 30,
                  "s": [
                    766,
                    180,
                    0
                  ],
                  "to": [
                    -126,
                    58,
                    0
                  ],
                  "ti": [
                    -28.667,
                    -8.667,
                    0
                  ]
                },
                {
                  "t": 60,
                  "s": [
                    938,
                    232,
                    0
                  ]
                }
              ],
              "ix": 2
            },
            "a": {
              "a": 0,
              "k": [
                -262,
                -262,
                0
              ],
              "ix": 1
            },
            "s": {
              "a": 0,
              "k": [
                89,
                89,
                100
              ],
              "ix": 6
            }
          },
          "ao": 0,
          "ef": [
            {
              "ty": 5,
              "nm": "Glow",
              "np": 17,
              "mn": "ADBE Glo2",
              "ix": 1,
              "en": 1,
              "ef": [
                {
                  "ty": 7,
                  "nm": "Glow Based On",
                  "mn": "ADBE Glo2-0001",
                  "ix": 1,
                  "v": {
                    "a": 0,
                    "k": 1,
                    "ix": 1
                  }
                },
                {
                  "ty": 0,
                  "nm": "Glow Threshold",
                  "mn": "ADBE Glo2-0002",
                  "ix": 2,
                  "v": {
                    "a": 0,
                    "k": 153,
                    "ix": 2
                  }
                },
                {
                  "ty": 0,
                  "nm": "Glow Radius",
                  "mn": "ADBE Glo2-0003",
                  "ix": 3,
                  "v": {
                    "a": 0,
                    "k": 63,
                    "ix": 3
                  }
                },
                {
                  "ty": 0,
                  "nm": "Glow Intensity",
                  "mn": "ADBE Glo2-0004",
                  "ix": 4,
                  "v": {
                    "a": 0,
                    "k": 3.6,
                    "ix": 4
                  }
                },
                {
                  "ty": 7,
                  "nm": "Composite Original",
                  "mn": "ADBE Glo2-0005",
                  "ix": 5,
                  "v": {
                    "a": 0,
                    "k": 2,
                    "ix": 5
                  }
                },
                {
                  "ty": 7,
                  "nm": "Glow Operation",
                  "mn": "ADBE Glo2-0006",
                  "ix": 6,
                  "v": {
                    "a": 0,
                    "k": 3,
                    "ix": 6
                  }
                },
                {
                  "ty": 7,
                  "nm": "Glow Colors",
                  "mn": "ADBE Glo2-0007",
                  "ix": 7,
                  "v": {
                    "a": 0,
                    "k": 2,
                    "ix": 7
                  }
                },
                {
                  "ty": 7,
                  "nm": "Color Looping",
                  "mn": "ADBE Glo2-0008",
                  "ix": 8,
                  "v": {
                    "a": 0,
                    "k": 3,
                    "ix": 8
                  }
                },
                {
                  "ty": 0,
                  "nm": "Color Loops",
                  "mn": "ADBE Glo2-0009",
                  "ix": 9,
                  "v": {
                    "a": 0,
                    "k": 1,
                    "ix": 9
                  }
                },
                {
                  "ty": 0,
                  "nm": "Color Phase",
                  "mn": "ADBE Glo2-0010",
                  "ix": 10,
                  "v": {
                    "a": 0,
                    "k": 0,
                    "ix": 10
                  }
                },
                {
                  "ty": 0,
                  "nm": "A & B Midpoint",
                  "mn": "ADBE Glo2-0011",
                  "ix": 11,
                  "v": {
                    "a": 0,
                    "k": 0.5,
                    "ix": 11
                  }
                },
                {
                  "ty": 2,
                  "nm": "Color A",
                  "mn": "ADBE Glo2-0012",
                  "ix": 12,
                  "v": {
                    "a": 0,
                    "k": [
                      0.764705896378,
                      1,
                      1,
                      1
                    ],
                    "ix": 12
                  }
                },
                {
                  "ty": 2,
                  "nm": "Color B",
                  "mn": "ADBE Glo2-0013",
                  "ix": 13,
                  "v": {
                    "a": 0,
                    "k": [
                      0.764705896378,
                      1,
                      1,
                      0.20000000298
                    ],
                    "ix": 13
                  }
                },
                {
                  "ty": 7,
                  "nm": "Glow Dimensions",
                  "mn": "ADBE Glo2-0014",
                  "ix": 14,
                  "v": {
                    "a": 0,
                    "k": 1,
                    "ix": 14
                  }
                },
                {
                  "ty": 7,
                  "nm": "GPU Rendering",
                  "mn": "ADBE Force CPU GPU",
                  "ix": 15,
                  "v": {
                    "a": 0,
                    "k": 1,
                    "ix": 15
                  }
                }
              ]
            }
          ],
          "shapes": [
            {
              "ty": "gr",
              "it": [
                {
                  "d": 1,
                  "ty": "el",
                  "s": {
                    "a": 0,
                    "k": [
                      154.312,
                      154.312
                    ],
                    "ix": 2
                  },
                  "p": {
                    "a": 0,
                    "k": [
                      0,
                      0
                    ],
                    "ix": 3
                  },
                  "nm": "Ellipse Path 1",
                  "mn": "ADBE Vector Shape - Ellipse",
                  "hd": false
                },
                {
                  "ty": "fl",
                  "c": {
                    "a": 0,
                    "k": [
                      0.24915749045,
                      1,
                      0.336594824697,
                      1
                    ],
                    "ix": 4
                  },
                  "o": {
                    "a": 0,
                    "k": 100,
                    "ix": 5
                  },
                  "r": 1,
                  "bm": 0,
                  "nm": "Fill 1",
                  "mn": "ADBE Vector Graphic - Fill",
                  "hd": false
                },
                {
                  "ty": "tr",
                  "p": {
                    "a": 0,
                    "k": [
                      -262.844,
                      -262.844
                    ],
                    "ix": 2
                  },
                  "a": {
                    "a": 0,
                    "k": [
                      0,
                      0
                    ],
                    "ix": 1
                  },
                  "s": {
                    "a": 0,
                    "k": [
                      100,
                      100
                    ],
                    "ix": 3
                  },
                  "r": {
                    "a": 0,
                    "k": 0,
                    "ix": 6
                  },
                  "o": {
                    "a": 0,
                    "k": 100,
                    "ix": 7
                  },
                  "sk": {
                    "a": 0,
                    "k": 0,
                    "ix": 4
                  },
                  "sa": {
                    "a": 0,
                    "k": 0,
                    "ix": 5
                  },
                  "nm": "Transform"
                }
              ],
              "nm": "Ellipse 1",
              "np": 3,
              "cix": 2,
              "bm": 0,
              "ix": 1,
              "mn": "ADBE Vector Group",
              "hd": false
            }
          ],
          "ip": 0,
          "op": 1203,
          "st": 0,
          "bm": 0
        },
        {
          "ddd": 0,
          "ind": 2,
          "ty": 4,
          "nm": "Shape Layer 3",
          "sr": 1,
          "ks": {
            "o": {
              "a": 0,
              "k": 20,
              "ix": 11
            },
            "r": {
              "a": 0,
              "k": 0,
              "ix": 10
            },
            "p": {
              "a": 1,
              "k": [
                {
                  "i": {
                    "x": 0.833,
                    "y": 0.833
                  },
                  "o": {
                    "x": 0.167,
                    "y": 0.167
                  },
                  "t": 0,
                  "s": [
                    918,
                    838,
                    0
                  ],
                  "to": [
                    3.667,
                    23.667,
                    0
                  ],
                  "ti": [
                    180,
                    50,
                    0
                  ]
                },
                {
                  "i": {
                    "x": 0.833,
                    "y": 0.833
                  },
                  "o": {
                    "x": 0.167,
                    "y": 0.167
                  },
                  "t": 30,
                  "s": [
                    940,
                    980,
                    0
                  ],
                  "to": [
                    -180,
                    -50,
                    0
                  ],
                  "ti": [
                    3.667,
                    23.667,
                    0
                  ]
                },
                {
                  "t": 60,
                  "s": [
                    918,
                    838,
                    0
                  ]
                }
              ],
              "ix": 2
            },
            "a": {
              "a": 0,
              "k": [
                -262,
                -262,
                0
              ],
              "ix": 1
            },
            "s": {
              "a": 0,
              "k": [
                89,
                89,
                100
              ],
              "ix": 6
            }
          },
          "ao": 0,
          "ef": [
            {
              "ty": 5,
              "nm": "Glow",
              "np": 17,
              "mn": "ADBE Glo2",
              "ix": 1,
              "en": 1,
              "ef": [
                {
                  "ty": 7,
                  "nm": "Glow Based On",
                  "mn": "ADBE Glo2-0001",
                  "ix": 1,
                  "v": {
                    "a": 0,
                    "k": 1,
                    "ix": 1
                  }
                },
                {
                  "ty": 0,
                  "nm": "Glow Threshold",
                  "mn": "ADBE Glo2-0002",
                  "ix": 2,
                  "v": {
                    "a": 0,
                    "k": 153,
                    "ix": 2
                  }
                },
                {
                  "ty": 0,
                  "nm": "Glow Radius",
                  "mn": "ADBE Glo2-0003",
                  "ix": 3,
                  "v": {
                    "a": 0,
                    "k": 63,
                    "ix": 3
                  }
                },
                {
                  "ty": 0,
                  "nm": "Glow Intensity",
                  "mn": "ADBE Glo2-0004",
                  "ix": 4,
                  "v": {
                    "a": 0,
                    "k": 3.6,
                    "ix": 4
                  }
                },
                {
                  "ty": 7,
                  "nm": "Composite Original",
                  "mn": "ADBE Glo2-0005",
                  "ix": 5,
                  "v": {
                    "a": 0,
                    "k": 2,
                    "ix": 5
                  }
                },
                {
                  "ty": 7,
                  "nm": "Glow Operation",
                  "mn": "ADBE Glo2-0006",
                  "ix": 6,
                  "v": {
                    "a": 0,
                    "k": 3,
                    "ix": 6
                  }
                },
                {
                  "ty": 7,
                  "nm": "Glow Colors",
                  "mn": "ADBE Glo2-0007",
                  "ix": 7,
                  "v": {
                    "a": 0,
                    "k": 2,
                    "ix": 7
                  }
                },
                {
                  "ty": 7,
                  "nm": "Color Looping",
                  "mn": "ADBE Glo2-0008",
                  "ix": 8,
                  "v": {
                    "a": 0,
                    "k": 3,
                    "ix": 8
                  }
                },
                {
                  "ty": 0,
                  "nm": "Color Loops",
                  "mn": "ADBE Glo2-0009",
                  "ix": 9,
                  "v": {
                    "a": 0,
                    "k": 1,
                    "ix": 9
                  }
                },
                {
                  "ty": 0,
                  "nm": "Color Phase",
                  "mn": "ADBE Glo2-0010",
                  "ix": 10,
                  "v": {
                    "a": 0,
                    "k": 0,
                    "ix": 10
                  }
                },
                {
                  "ty": 0,
                  "nm": "A & B Midpoint",
                  "mn": "ADBE Glo2-0011",
                  "ix": 11,
                  "v": {
                    "a": 0,
                    "k": 0.5,
                    "ix": 11
                  }
                },
                {
                  "ty": 2,
                  "nm": "Color A",
                  "mn": "ADBE Glo2-0012",
                  "ix": 12,
                  "v": {
                    "a": 0,
                    "k": [
                      1,
                      1,
                      1,
                      1
                    ],
                    "ix": 12
                  }
                },
                {
                  "ty": 2,
                  "nm": "Color B",
                  "mn": "ADBE Glo2-0013",
                  "ix": 13,
                  "v": {
                    "a": 0,
                    "k": [
                      1,
                      1,
                      1,
                      1
                    ],
                    "ix": 13
                  }
                },
                {
                  "ty": 7,
                  "nm": "Glow Dimensions",
                  "mn": "ADBE Glo2-0014",
                  "ix": 14,
                  "v": {
                    "a": 0,
                    "k": 1,
                    "ix": 14
                  }
                },
                {
                  "ty": 7,
                  "nm": "GPU Rendering",
                  "mn": "ADBE Force CPU GPU",
                  "ix": 15,
                  "v": {
                    "a": 0,
                    "k": 1,
                    "ix": 15
                  }
                }
              ]
            }
          ],
          "shapes": [
            {
              "ty": "gr",
              "it": [
                {
                  "d": 1,
                  "ty": "el",
                  "s": {
                    "a": 0,
                    "k": [
                      154.312,
                      154.312
                    ],
                    "ix": 2
                  },
                  "p": {
                    "a": 0,
                    "k": [
                      0,
                      0
                    ],
                    "ix": 3
                  },
                  "nm": "Ellipse Path 1",
                  "mn": "ADBE Vector Shape - Ellipse",
                  "hd": false
                },
                {
                  "ty": "fl",
                  "c": {
                    "a": 0,
                    "k": [
                      1,
                      1,
                      1,
                      1
                    ],
                    "ix": 4
                  },
                  "o": {
                    "a": 0,
                    "k": 100,
                    "ix": 5
                  },
                  "r": 1,
                  "bm": 0,
                  "nm": "Fill 1",
                  "mn": "ADBE Vector Graphic - Fill",
                  "hd": false
                },
                {
                  "ty": "tr",
                  "p": {
                    "a": 0,
                    "k": [
                      -262.844,
                      -262.844
                    ],
                    "ix": 2
                  },
                  "a": {
                    "a": 0,
                    "k": [
                      0,
                      0
                    ],
                    "ix": 1
                  },
                  "s": {
                    "a": 0,
                    "k": [
                      100,
                      100
                    ],
                    "ix": 3
                  },
                  "r": {
                    "a": 0,
                    "k": 0,
                    "ix": 6
                  },
                  "o": {
                    "a": 0,
                    "k": 100,
                    "ix": 7
                  },
                  "sk": {
                    "a": 0,
                    "k": 0,
                    "ix": 4
                  },
                  "sa": {
                    "a": 0,
                    "k": 0,
                    "ix": 5
                  },
                  "nm": "Transform"
                }
              ],
              "nm": "Ellipse 1",
              "np": 3,
              "cix": 2,
              "bm": 0,
              "ix": 1,
              "mn": "ADBE Vector Group",
              "hd": false
            }
          ],
          "ip": 0,
          "op": 1203,
          "st": 0,
          "bm": 0
        },
        {
          "ddd": 0,
          "ind": 3,
          "ty": 4,
          "nm": "Shape Layer 5",
          "sr": 1,
          "ks": {
            "o": {
              "a": 0,
              "k": 20,
              "ix": 11
            },
            "r": {
              "a": 0,
              "k": 0,
              "ix": 10
            },
            "p": {
              "a": 1,
              "k": [
                {
                  "i": {
                    "x": 0.833,
                    "y": 0.833
                  },
                  "o": {
                    "x": 0.167,
                    "y": 0.167
                  },
                  "t": 0,
                  "s": [
                    362,
                    984,
                    0
                  ],
                  "to": [
                    19.333,
                    7.333,
                    0
                  ],
                  "ti": [
                    -54,
                    138,
                    0
                  ]
                },
                {
                  "i": {
                    "x": 0.833,
                    "y": 0.833
                  },
                  "o": {
                    "x": 0.167,
                    "y": 0.167
                  },
                  "t": 30,
                  "s": [
                    478,
                    1028,
                    0
                  ],
                  "to": [
                    54,
                    -138,
                    0
                  ],
                  "ti": [
                    19.333,
                    7.333,
                    0
                  ]
                },
                {
                  "t": 60,
                  "s": [
                    362,
                    984,
                    0
                  ]
                }
              ],
              "ix": 2
            },
            "a": {
              "a": 0,
              "k": [
                -262,
                -262,
                0
              ],
              "ix": 1
            },
            "s": {
              "a": 0,
              "k": [
                67,
                67,
                100
              ],
              "ix": 6
            }
          },
          "ao": 0,
          "ef": [
            {
              "ty": 5,
              "nm": "Glow",
              "np": 17,
              "mn": "ADBE Glo2",
              "ix": 1,
              "en": 1,
              "ef": [
                {
                  "ty": 7,
                  "nm": "Glow Based On",
                  "mn": "ADBE Glo2-0001",
                  "ix": 1,
                  "v": {
                    "a": 0,
                    "k": 1,
                    "ix": 1
                  }
                },
                {
                  "ty": 0,
                  "nm": "Glow Threshold",
                  "mn": "ADBE Glo2-0002",
                  "ix": 2,
                  "v": {
                    "a": 0,
                    "k": 153,
                    "ix": 2
                  }
                },
                {
                  "ty": 0,
                  "nm": "Glow Radius",
                  "mn": "ADBE Glo2-0003",
                  "ix": 3,
                  "v": {
                    "a": 0,
                    "k": 63,
                    "ix": 3
                  }
                },
                {
                  "ty": 0,
                  "nm": "Glow Intensity",
                  "mn": "ADBE Glo2-0004",
                  "ix": 4,
                  "v": {
                    "a": 0,
                    "k": 3.6,
                    "ix": 4
                  }
                },
                {
                  "ty": 7,
                  "nm": "Composite Original",
                  "mn": "ADBE Glo2-0005",
                  "ix": 5,
                  "v": {
                    "a": 0,
                    "k": 2,
                    "ix": 5
                  }
                },
                {
                  "ty": 7,
                  "nm": "Glow Operation",
                  "mn": "ADBE Glo2-0006",
                  "ix": 6,
                  "v": {
                    "a": 0,
                    "k": 3,
                    "ix": 6
                  }
                },
                {
                  "ty": 7,
                  "nm": "Glow Colors",
                  "mn": "ADBE Glo2-0007",
                  "ix": 7,
                  "v": {
                    "a": 0,
                    "k": 2,
                    "ix": 7
                  }
                },
                {
                  "ty": 7,
                  "nm": "Color Looping",
                  "mn": "ADBE Glo2-0008",
                  "ix": 8,
                  "v": {
                    "a": 0,
                    "k": 3,
                    "ix": 8
                  }
                },
                {
                  "ty": 0,
                  "nm": "Color Loops",
                  "mn": "ADBE Glo2-0009",
                  "ix": 9,
                  "v": {
                    "a": 0,
                    "k": 1,
                    "ix": 9
                  }
                },
                {
                  "ty": 0,
                  "nm": "Color Phase",
                  "mn": "ADBE Glo2-0010",
                  "ix": 10,
                  "v": {
                    "a": 0,
                    "k": 0,
                    "ix": 10
                  }
                },
                {
                  "ty": 0,
                  "nm": "A & B Midpoint",
                  "mn": "ADBE Glo2-0011",
                  "ix": 11,
                  "v": {
                    "a": 0,
                    "k": 0.5,
                    "ix": 11
                  }
                },
                {
                  "ty": 2,
                  "nm": "Color A",
                  "mn": "ADBE Glo2-0012",
                  "ix": 12,
                  "v": {
                    "a": 0,
                    "k": [
                      0,
                      1,
                      1,
                      1
                    ],
                    "ix": 12
                  }
                },
                {
                  "ty": 2,
                  "nm": "Color B",
                  "mn": "ADBE Glo2-0013",
                  "ix": 13,
                  "v": {
                    "a": 0,
                    "k": [
                      0,
                      1,
                      1,
                      1
                    ],
                    "ix": 13
                  }
                },
                {
                  "ty": 7,
                  "nm": "Glow Dimensions",
                  "mn": "ADBE Glo2-0014",
                  "ix": 14,
                  "v": {
                    "a": 0,
                    "k": 1,
                    "ix": 14
                  }
                },
                {
                  "ty": 7,
                  "nm": "GPU Rendering",
                  "mn": "ADBE Force CPU GPU",
                  "ix": 15,
                  "v": {
                    "a": 0,
                    "k": 1,
                    "ix": 15
                  }
                }
              ]
            }
          ],
          "shapes": [
            {
              "ty": "gr",
              "it": [
                {
                  "d": 1,
                  "ty": "el",
                  "s": {
                    "a": 0,
                    "k": [
                      154.312,
                      154.312
                    ],
                    "ix": 2
                  },
                  "p": {
                    "a": 0,
                    "k": [
                      0,
                      0
                    ],
                    "ix": 3
                  },
                  "nm": "Ellipse Path 1",
                  "mn": "ADBE Vector Shape - Ellipse",
                  "hd": false
                },
                {
                  "ty": "fl",
                  "c": {
                    "a": 0,
                    "k": [
                      0,
                      1,
                      0.864705942191,
                      1
                    ],
                    "ix": 4
                  },
                  "o": {
                    "a": 0,
                    "k": 100,
                    "ix": 5
                  },
                  "r": 1,
                  "bm": 0,
                  "nm": "Fill 1",
                  "mn": "ADBE Vector Graphic - Fill",
                  "hd": false
                },
                {
                  "ty": "tr",
                  "p": {
                    "a": 0,
                    "k": [
                      -262.844,
                      -262.844
                    ],
                    "ix": 2
                  },
                  "a": {
                    "a": 0,
                    "k": [
                      0,
                      0
                    ],
                    "ix": 1
                  },
                  "s": {
                    "a": 0,
                    "k": [
                      100,
                      100
                    ],
                    "ix": 3
                  },
                  "r": {
                    "a": 0,
                    "k": 0,
                    "ix": 6
                  },
                  "o": {
                    "a": 0,
                    "k": 100,
                    "ix": 7
                  },
                  "sk": {
                    "a": 0,
                    "k": 0,
                    "ix": 4
                  },
                  "sa": {
                    "a": 0,
                    "k": 0,
                    "ix": 5
                  },
                  "nm": "Transform"
                }
              ],
              "nm": "Ellipse 1",
              "np": 3,
              "cix": 2,
              "bm": 0,
              "ix": 1,
              "mn": "ADBE Vector Group",
              "hd": false
            }
          ],
          "ip": 0,
          "op": 1203,
          "st": 0,
          "bm": 0
        },
        {
          "ddd": 0,
          "ind": 4,
          "ty": 4,
          "nm": "Shape Layer 2",
          "sr": 1,
          "ks": {
            "o": {
              "a": 0,
              "k": 20,
              "ix": 11
            },
            "r": {
              "a": 0,
              "k": 0,
              "ix": 10
            },
            "p": {
              "a": 1,
              "k": [
                {
                  "i": {
                    "x": 0.833,
                    "y": 0.833
                  },
                  "o": {
                    "x": 0.167,
                    "y": 0.167
                  },
                  "t": 0,
                  "s": [
                    478,
                    458,
                    0
                  ],
                  "to": [
                    12.333,
                    26.667,
                    0
                  ],
                  "ti": [
                    224,
                    -100,
                    0
                  ]
                },
                {
                  "i": {
                    "x": 0.833,
                    "y": 0.833
                  },
                  "o": {
                    "x": 0.167,
                    "y": 0.167
                  },
                  "t": 30,
                  "s": [
                    552,
                    618,
                    0
                  ],
                  "to": [
                    -224,
                    100,
                    0
                  ],
                  "ti": [
                    12.333,
                    26.667,
                    0
                  ]
                },
                {
                  "t": 60,
                  "s": [
                    478,
                    458,
                    0
                  ]
                }
              ],
              "ix": 2
            },
            "a": {
              "a": 0,
              "k": [
                -262,
                -262,
                0
              ],
              "ix": 1
            },
            "s": {
              "a": 0,
              "k": [
                80,
                80,
                100
              ],
              "ix": 6
            }
          },
          "ao": 0,
          "ef": [
            {
              "ty": 5,
              "nm": "Glow",
              "np": 17,
              "mn": "ADBE Glo2",
              "ix": 1,
              "en": 1,
              "ef": [
                {
                  "ty": 7,
                  "nm": "Glow Based On",
                  "mn": "ADBE Glo2-0001",
                  "ix": 1,
                  "v": {
                    "a": 0,
                    "k": 1,
                    "ix": 1
                  }
                },
                {
                  "ty": 0,
                  "nm": "Glow Threshold",
                  "mn": "ADBE Glo2-0002",
                  "ix": 2,
                  "v": {
                    "a": 0,
                    "k": 153,
                    "ix": 2
                  }
                },
                {
                  "ty": 0,
                  "nm": "Glow Radius",
                  "mn": "ADBE Glo2-0003",
                  "ix": 3,
                  "v": {
                    "a": 0,
                    "k": 63,
                    "ix": 3
                  }
                },
                {
                  "ty": 0,
                  "nm": "Glow Intensity",
                  "mn": "ADBE Glo2-0004",
                  "ix": 4,
                  "v": {
                    "a": 0,
                    "k": 3.6,
                    "ix": 4
                  }
                },
                {
                  "ty": 7,
                  "nm": "Composite Original",
                  "mn": "ADBE Glo2-0005",
                  "ix": 5,
                  "v": {
                    "a": 0,
                    "k": 2,
                    "ix": 5
                  }
                },
                {
                  "ty": 7,
                  "nm": "Glow Operation",
                  "mn": "ADBE Glo2-0006",
                  "ix": 6,
                  "v": {
                    "a": 0,
                    "k": 3,
                    "ix": 6
                  }
                },
                {
                  "ty": 7,
                  "nm": "Glow Colors",
                  "mn": "ADBE Glo2-0007",
                  "ix": 7,
                  "v": {
                    "a": 0,
                    "k": 2,
                    "ix": 7
                  }
                },
                {
                  "ty": 7,
                  "nm": "Color Looping",
                  "mn": "ADBE Glo2-0008",
                  "ix": 8,
                  "v": {
                    "a": 0,
                    "k": 3,
                    "ix": 8
                  }
                },
                {
                  "ty": 0,
                  "nm": "Color Loops",
                  "mn": "ADBE Glo2-0009",
                  "ix": 9,
                  "v": {
                    "a": 0,
                    "k": 1,
                    "ix": 9
                  }
                },
                {
                  "ty": 0,
                  "nm": "Color Phase",
                  "mn": "ADBE Glo2-0010",
                  "ix": 10,
                  "v": {
                    "a": 0,
                    "k": 0,
                    "ix": 10
                  }
                },
                {
                  "ty": 0,
                  "nm": "A & B Midpoint",
                  "mn": "ADBE Glo2-0011",
                  "ix": 11,
                  "v": {
                    "a": 0,
                    "k": 0.5,
                    "ix": 11
                  }
                },
                {
                  "ty": 2,
                  "nm": "Color A",
                  "mn": "ADBE Glo2-0012",
                  "ix": 12,
                  "v": {
                    "a": 0,
                    "k": [
                      0,
                      1,
                      1,
                      1
                    ],
                    "ix": 12
                  }
                },
                {
                  "ty": 2,
                  "nm": "Color B",
                  "mn": "ADBE Glo2-0013",
                  "ix": 13,
                  "v": {
                    "a": 0,
                    "k": [
                      0,
                      1,
                      1,
                      1
                    ],
                    "ix": 13
                  }
                },
                {
                  "ty": 7,
                  "nm": "Glow Dimensions",
                  "mn": "ADBE Glo2-0014",
                  "ix": 14,
                  "v": {
                    "a": 0,
                    "k": 1,
                    "ix": 14
                  }
                },
                {
                  "ty": 7,
                  "nm": "GPU Rendering",
                  "mn": "ADBE Force CPU GPU",
                  "ix": 15,
                  "v": {
                    "a": 0,
                    "k": 1,
                    "ix": 15
                  }
                }
              ]
            }
          ],
          "shapes": [
            {
              "ty": "gr",
              "it": [
                {
                  "d": 1,
                  "ty": "el",
                  "s": {
                    "a": 0,
                    "k": [
                      154.312,
                      154.312
                    ],
                    "ix": 2
                  },
                  "p": {
                    "a": 0,
                    "k": [
                      0,
                      0
                    ],
                    "ix": 3
                  },
                  "nm": "Ellipse Path 1",
                  "mn": "ADBE Vector Shape - Ellipse",
                  "hd": false
                },
                {
                  "ty": "fl",
                  "c": {
                    "a": 0,
                    "k": [
                      0,
                      1,
                      0.864705942191,
                      1
                    ],
                    "ix": 4
                  },
                  "o": {
                    "a": 0,
                    "k": 100,
                    "ix": 5
                  },
                  "r": 1,
                  "bm": 0,
                  "nm": "Fill 1",
                  "mn": "ADBE Vector Graphic - Fill",
                  "hd": false
                },
                {
                  "ty": "tr",
                  "p": {
                    "a": 0,
                    "k": [
                      -262.844,
                      -262.844
                    ],
                    "ix": 2
                  },
                  "a": {
                    "a": 0,
                    "k": [
                      0,
                      0
                    ],
                    "ix": 1
                  },
                  "s": {
                    "a": 0,
                    "k": [
                      100,
                      100
                    ],
                    "ix": 3
                  },
                  "r": {
                    "a": 0,
                    "k": 0,
                    "ix": 6
                  },
                  "o": {
                    "a": 0,
                    "k": 100,
                    "ix": 7
                  },
                  "sk": {
                    "a": 0,
                    "k": 0,
                    "ix": 4
                  },
                  "sa": {
                    "a": 0,
                    "k": 0,
                    "ix": 5
                  },
                  "nm": "Transform"
                }
              ],
              "nm": "Ellipse 1",
              "np": 3,
              "cix": 2,
              "bm": 0,
              "ix": 1,
              "mn": "ADBE Vector Group",
              "hd": false
            }
          ],
          "ip": 0,
          "op": 1203,
          "st": 0,
          "bm": 0
        },
        {
          "ddd": 0,
          "ind": 5,
          "ty": 4,
          "nm": "Shape Layer 4",
          "sr": 1,
          "ks": {
            "o": {
              "a": 0,
              "k": 20,
              "ix": 11
            },
            "r": {
              "a": 0,
              "k": 0,
              "ix": 10
            },
            "p": {
              "a": 1,
              "k": [
                {
                  "i": {
                    "x": 0.833,
                    "y": 0.833
                  },
                  "o": {
                    "x": 0.167,
                    "y": 0.167
                  },
                  "t": 0,
                  "s": [
                    222,
                    658,
                    0
                  ],
                  "to": [
                    -12,
                    24.667,
                    0
                  ],
                  "ti": [
                    -148,
                    -148,
                    0
                  ]
                },
                {
                  "i": {
                    "x": 0.833,
                    "y": 0.833
                  },
                  "o": {
                    "x": 0.167,
                    "y": 0.167
                  },
                  "t": 30,
                  "s": [
                    150,
                    806,
                    0
                  ],
                  "to": [
                    148,
                    148,
                    0
                  ],
                  "ti": [
                    -12,
                    24.667,
                    0
                  ]
                },
                {
                  "t": 60,
                  "s": [
                    222,
                    658,
                    0
                  ]
                }
              ],
              "ix": 2
            },
            "a": {
              "a": 0,
              "k": [
                -262,
                -262,
                0
              ],
              "ix": 1
            },
            "s": {
              "a": 0,
              "k": [
                100,
                100,
                100
              ],
              "ix": 6
            }
          },
          "ao": 0,
          "ef": [
            {
              "ty": 5,
              "nm": "Glow",
              "np": 17,
              "mn": "ADBE Glo2",
              "ix": 1,
              "en": 1,
              "ef": [
                {
                  "ty": 7,
                  "nm": "Glow Based On",
                  "mn": "ADBE Glo2-0001",
                  "ix": 1,
                  "v": {
                    "a": 0,
                    "k": 2,
                    "ix": 1
                  }
                },
                {
                  "ty": 0,
                  "nm": "Glow Threshold",
                  "mn": "ADBE Glo2-0002",
                  "ix": 2,
                  "v": {
                    "a": 0,
                    "k": 153,
                    "ix": 2
                  }
                },
                {
                  "ty": 0,
                  "nm": "Glow Radius",
                  "mn": "ADBE Glo2-0003",
                  "ix": 3,
                  "v": {
                    "a": 0,
                    "k": 63,
                    "ix": 3
                  }
                },
                {
                  "ty": 0,
                  "nm": "Glow Intensity",
                  "mn": "ADBE Glo2-0004",
                  "ix": 4,
                  "v": {
                    "a": 0,
                    "k": 3.6,
                    "ix": 4
                  }
                },
                {
                  "ty": 7,
                  "nm": "Composite Original",
                  "mn": "ADBE Glo2-0005",
                  "ix": 5,
                  "v": {
                    "a": 0,
                    "k": 1,
                    "ix": 5
                  }
                },
                {
                  "ty": 7,
                  "nm": "Glow Operation",
                  "mn": "ADBE Glo2-0006",
                  "ix": 6,
                  "v": {
                    "a": 0,
                    "k": 3,
                    "ix": 6
                  }
                },
                {
                  "ty": 7,
                  "nm": "Glow Colors",
                  "mn": "ADBE Glo2-0007",
                  "ix": 7,
                  "v": {
                    "a": 0,
                    "k": 2,
                    "ix": 7
                  }
                },
                {
                  "ty": 7,
                  "nm": "Color Looping",
                  "mn": "ADBE Glo2-0008",
                  "ix": 8,
                  "v": {
                    "a": 0,
                    "k": 3,
                    "ix": 8
                  }
                },
                {
                  "ty": 0,
                  "nm": "Color Loops",
                  "mn": "ADBE Glo2-0009",
                  "ix": 9,
                  "v": {
                    "a": 0,
                    "k": 1,
                    "ix": 9
                  }
                },
                {
                  "ty": 0,
                  "nm": "Color Phase",
                  "mn": "ADBE Glo2-0010",
                  "ix": 10,
                  "v": {
                    "a": 0,
                    "k": 0,
                    "ix": 10
                  }
                },
                {
                  "ty": 0,
                  "nm": "A & B Midpoint",
                  "mn": "ADBE Glo2-0011",
                  "ix": 11,
                  "v": {
                    "a": 0,
                    "k": 0.5,
                    "ix": 11
                  }
                },
                {
                  "ty": 2,
                  "nm": "Color A",
                  "mn": "ADBE Glo2-0012",
                  "ix": 12,
                  "v": {
                    "a": 0,
                    "k": [
                      0.978962421417,
                      0.463541686535,
                      1,
                      1
                    ],
                    "ix": 12
                  }
                },
                {
                  "ty": 2,
                  "nm": "Color B",
                  "mn": "ADBE Glo2-0013",
                  "ix": 13,
                  "v": {
                    "a": 0,
                    "k": [
                      0.978962421417,
                      0.463541686535,
                      1,
                      1
                    ],
                    "ix": 13
                  }
                },
                {
                  "ty": 7,
                  "nm": "Glow Dimensions",
                  "mn": "ADBE Glo2-0014",
                  "ix": 14,
                  "v": {
                    "a": 0,
                    "k": 1,
                    "ix": 14
                  }
                },
                {
                  "ty": 7,
                  "nm": "GPU Rendering",
                  "mn": "ADBE Force CPU GPU",
                  "ix": 15,
                  "v": {
                    "a": 0,
                    "k": 1,
                    "ix": 15
                  }
                }
              ]
            }
          ],
          "shapes": [
            {
              "ty": "gr",
              "it": [
                {
                  "d": 1,
                  "ty": "el",
                  "s": {
                    "a": 0,
                    "k": [
                      154.312,
                      154.312
                    ],
                    "ix": 2
                  },
                  "p": {
                    "a": 0,
                    "k": [
                      0,
                      0
                    ],
                    "ix": 3
                  },
                  "nm": "Ellipse Path 1",
                  "mn": "ADBE Vector Shape - Ellipse",
                  "hd": false
                },
                {
                  "ty": "fl",
                  "c": {
                    "a": 0,
                    "k": [
                      0.942607864679,
                      0.39669120639,
                      1,
                      1
                    ],
                    "ix": 4
                  },
                  "o": {
                    "a": 0,
                    "k": 100,
                    "ix": 5
                  },
                  "r": 1,
                  "bm": 0,
                  "nm": "Fill 1",
                  "mn": "ADBE Vector Graphic - Fill",
                  "hd": false
                },
                {
                  "ty": "tr",
                  "p": {
                    "a": 0,
                    "k": [
                      -262.844,
                      -262.844
                    ],
                    "ix": 2
                  },
                  "a": {
                    "a": 0,
                    "k": [
                      0,
                      0
                    ],
                    "ix": 1
                  },
                  "s": {
                    "a": 0,
                    "k": [
                      100,
                      100
                    ],
                    "ix": 3
                  },
                  "r": {
                    "a": 0,
                    "k": 0,
                    "ix": 6
                  },
                  "o": {
                    "a": 0,
                    "k": 100,
                    "ix": 7
                  },
                  "sk": {
                    "a": 0,
                    "k": 0,
                    "ix": 4
                  },
                  "sa": {
                    "a": 0,
                    "k": 0,
                    "ix": 5
                  },
                  "nm": "Transform"
                }
              ],
              "nm": "Ellipse 1",
              "np": 3,
              "cix": 2,
              "bm": 0,
              "ix": 1,
              "mn": "ADBE Vector Group",
              "hd": false
            }
          ],
          "ip": 0,
          "op": 1203,
          "st": 0,
          "bm": 0
        },
        {
          "ddd": 0,
          "ind": 6,
          "ty": 4,
          "nm": "Shape Layer 1",
          "sr": 1,
          "ks": {
            "o": {
              "a": 0,
              "k": 20,
              "ix": 11
            },
            "r": {
              "a": 0,
              "k": 0,
              "ix": 10
            },
            "p": {
              "a": 1,
              "k": [
                {
                  "i": {
                    "x": 0.833,
                    "y": 0.833
                  },
                  "o": {
                    "x": 0.167,
                    "y": 0.167
                  },
                  "t": 0,
                  "s": [
                    556,
                    120,
                    0
                  ],
                  "to": [
                    -39.667,
                    13.333,
                    0
                  ],
                  "ti": [
                    12,
                    62,
                    0
                  ]
                },
                {
                  "i": {
                    "x": 0.833,
                    "y": 0.833
                  },
                  "o": {
                    "x": 0.167,
                    "y": 0.167
                  },
                  "t": 30,
                  "s": [
                    318,
                    200,
                    0
                  ],
                  "to": [
                    -12,
                    -62,
                    0
                  ],
                  "ti": [
                    -39.667,
                    13.333,
                    0
                  ]
                },
                {
                  "t": 60,
                  "s": [
                    556,
                    120,
                    0
                  ]
                }
              ],
              "ix": 2
            },
            "a": {
              "a": 0,
              "k": [
                -262,
                -262,
                0
              ],
              "ix": 1
            },
            "s": {
              "a": 1,
              "k": [
                {
                  "i": {
                    "x": [
                      0.833,
                      0.833,
                      0.833
                    ],
                    "y": [
                      0.833,
                      0.833,
                      0.833
                    ]
                  },
                  "o": {
                    "x": [
                      0.167,
                      0.167,
                      0.167
                    ],
                    "y": [
                      0.167,
                      0.167,
                      0.167
                    ]
                  },
                  "t": 0,
                  "s": [
                    100,
                    100,
                    100
                  ]
                },
                {
                  "i": {
                    "x": [
                      0.833,
                      0.833,
                      0.833
                    ],
                    "y": [
                      0.833,
                      0.833,
                      0.833
                    ]
                  },
                  "o": {
                    "x": [
                      0.167,
                      0.167,
                      0.167
                    ],
                    "y": [
                      0.167,
                      0.167,
                      0.167
                    ]
                  },
                  "t": 30,
                  "s": [
                    157,
                    157,
                    100
                  ]
                },
                {
                  "t": 60,
                  "s": [
                    100,
                    100,
                    100
                  ]
                }
              ],
              "ix": 6
            }
          },
          "ao": 0,
          "ef": [
            {
              "ty": 5,
              "nm": "Glow",
              "np": 17,
              "mn": "ADBE Glo2",
              "ix": 1,
              "en": 1,
              "ef": [
                {
                  "ty": 7,
                  "nm": "Glow Based On",
                  "mn": "ADBE Glo2-0001",
                  "ix": 1,
                  "v": {
                    "a": 0,
                    "k": 1,
                    "ix": 1
                  }
                },
                {
                  "ty": 0,
                  "nm": "Glow Threshold",
                  "mn": "ADBE Glo2-0002",
                  "ix": 2,
                  "v": {
                    "a": 0,
                    "k": 153,
                    "ix": 2
                  }
                },
                {
                  "ty": 0,
                  "nm": "Glow Radius",
                  "mn": "ADBE Glo2-0003",
                  "ix": 3,
                  "v": {
                    "a": 0,
                    "k": 63,
                    "ix": 3
                  }
                },
                {
                  "ty": 0,
                  "nm": "Glow Intensity",
                  "mn": "ADBE Glo2-0004",
                  "ix": 4,
                  "v": {
                    "a": 0,
                    "k": 3.6,
                    "ix": 4
                  }
                },
                {
                  "ty": 7,
                  "nm": "Composite Original",
                  "mn": "ADBE Glo2-0005",
                  "ix": 5,
                  "v": {
                    "a": 0,
                    "k": 2,
                    "ix": 5
                  }
                },
                {
                  "ty": 7,
                  "nm": "Glow Operation",
                  "mn": "ADBE Glo2-0006",
                  "ix": 6,
                  "v": {
                    "a": 0,
                    "k": 3,
                    "ix": 6
                  }
                },
                {
                  "ty": 7,
                  "nm": "Glow Colors",
                  "mn": "ADBE Glo2-0007",
                  "ix": 7,
                  "v": {
                    "a": 0,
                    "k": 2,
                    "ix": 7
                  }
                },
                {
                  "ty": 7,
                  "nm": "Color Looping",
                  "mn": "ADBE Glo2-0008",
                  "ix": 8,
                  "v": {
                    "a": 0,
                    "k": 3,
                    "ix": 8
                  }
                },
                {
                  "ty": 0,
                  "nm": "Color Loops",
                  "mn": "ADBE Glo2-0009",
                  "ix": 9,
                  "v": {
                    "a": 0,
                    "k": 1,
                    "ix": 9
                  }
                },
                {
                  "ty": 0,
                  "nm": "Color Phase",
                  "mn": "ADBE Glo2-0010",
                  "ix": 10,
                  "v": {
                    "a": 0,
                    "k": 0,
                    "ix": 10
                  }
                },
                {
                  "ty": 0,
                  "nm": "A & B Midpoint",
                  "mn": "ADBE Glo2-0011",
                  "ix": 11,
                  "v": {
                    "a": 0,
                    "k": 0.5,
                    "ix": 11
                  }
                },
                {
                  "ty": 2,
                  "nm": "Color A",
                  "mn": "ADBE Glo2-0012",
                  "ix": 12,
                  "v": {
                    "a": 0,
                    "k": [
                      1,
                      1,
                      0.254901975393,
                      1
                    ],
                    "ix": 12
                  }
                },
                {
                  "ty": 2,
                  "nm": "Color B",
                  "mn": "ADBE Glo2-0013",
                  "ix": 13,
                  "v": {
                    "a": 0,
                    "k": [
                      1,
                      1,
                      0.254901975393,
                      0.20000000298
                    ],
                    "ix": 13
                  }
                },
                {
                  "ty": 7,
                  "nm": "Glow Dimensions",
                  "mn": "ADBE Glo2-0014",
                  "ix": 14,
                  "v": {
                    "a": 0,
                    "k": 1,
                    "ix": 14
                  }
                },
                {
                  "ty": 7,
                  "nm": "GPU Rendering",
                  "mn": "ADBE Force CPU GPU",
                  "ix": 15,
                  "v": {
                    "a": 0,
                    "k": 1,
                    "ix": 15
                  }
                }
              ]
            }
          ],
          "shapes": [
            {
              "ty": "gr",
              "it": [
                {
                  "d": 1,
                  "ty": "el",
                  "s": {
                    "a": 0,
                    "k": [
                      154.312,
                      154.312
                    ],
                    "ix": 2
                  },
                  "p": {
                    "a": 0,
                    "k": [
                      0,
                      0
                    ],
                    "ix": 3
                  },
                  "nm": "Ellipse Path 1",
                  "mn": "ADBE Vector Shape - Ellipse",
                  "hd": false
                },
                {
                  "ty": "fl",
                  "c": {
                    "a": 0,
                    "k": [
                      0.854319733264,
                      1,
                      0,
                      1
                    ],
                    "ix": 4
                  },
                  "o": {
                    "a": 0,
                    "k": 100,
                    "ix": 5
                  },
                  "r": 1,
                  "bm": 0,
                  "nm": "Fill 1",
                  "mn": "ADBE Vector Graphic - Fill",
                  "hd": false
                },
                {
                  "ty": "tr",
                  "p": {
                    "a": 0,
                    "k": [
                      -262.844,
                      -262.844
                    ],
                    "ix": 2
                  },
                  "a": {
                    "a": 0,
                    "k": [
                      0,
                      0
                    ],
                    "ix": 1
                  },
                  "s": {
                    "a": 0,
                    "k": [
                      100,
                      100
                    ],
                    "ix": 3
                  },
                  "r": {
                    "a": 0,
                    "k": 0,
                    "ix": 6
                  },
                  "o": {
                    "a": 0,
                    "k": 100,
                    "ix": 7
                  },
                  "sk": {
                    "a": 0,
                    "k": 0,
                    "ix": 4
                  },
                  "sa": {
                    "a": 0,
                    "k": 0,
                    "ix": 5
                  },
                  "nm": "Transform"
                }
              ],
              "nm": "Ellipse 1",
              "np": 3,
              "cix": 2,
              "bm": 0,
              "ix": 1,
              "mn": "ADBE Vector Group",
              "hd": false
            }
          ],
          "ip": 0,
          "op": 1203,
          "st": 0,
          "bm": 0
        }
      ]
    }
  ],
  "layers": [
    {
      "ddd": 0,
      "ind": 1,
      "ty": 0,
      "nm": "1",
      "refId": "comp_0",
      "sr": 1,
      "ks": {
        "o": {
          "a": 0,
          "k": 100,
          "ix": 11
        },
        "r": {
          "a": 0,
          "k": 0,
          "ix": 10
        },
        "p": {
          "a": 1,
          "k": [
            {
              "i": {
                "x": 0.833,
                "y": 0.833
              },
              "o": {
                "x": 0.167,
                "y": 0.167
              },
              "t": 0,
              "s": [
                1620,
                540,
                0
              ],
              "to": [
                -180,
                0,
                0
              ],
              "ti": [
                180,
                0,
                0
              ]
            },
            {
              "t": 60,
              "s": [
                540,
                540,
                0
              ]
            }
          ],
          "ix": 2
        },
        "a": {
          "a": 0,
          "k": [
            600,
            600,
            0
          ],
          "ix": 1
        },
        "s": {
          "a": 0,
          "k": [
            100,
            100,
            100
          ],
          "ix": 6
        }
      },
      "ao": 0,
      "w": 1200,
      "h": 1200,
      "ip": 0,
      "op": 1203,
      "st": 0,
      "bm": 0
    },
    {
      "ddd": 0,
      "ind": 2,
      "ty": 0,
      "nm": "1",
      "refId": "comp_0",
      "sr": 1,
      "ks": {
        "o": {
          "a": 0,
          "k": 100,
          "ix": 11
        },
        "r": {
          "a": 0,
          "k": 0,
          "ix": 10
        },
        "p": {
          "a": 1,
          "k": [
            {
              "i": {
                "x": 0.833,
                "y": 0.833
              },
              "o": {
                "x": 0.167,
                "y": 0.167
              },
              "t": 0,
              "s": [
                540,
                540,
                0
              ],
              "to": [
                -180,
                0,
                0
              ],
              "ti": [
                180,
                0,
                0
              ]
            },
            {
              "t": 60,
              "s": [
                -540,
                540,
                0
              ]
            }
          ],
          "ix": 2
        },
        "a": {
          "a": 0,
          "k": [
            600,
            600,
            0
          ],
          "ix": 1
        },
        "s": {
          "a": 0,
          "k": [
            100,
            100,
            100
          ],
          "ix": 6
        }
      },
      "ao": 0,
      "w": 1200,
      "h": 1200,
      "ip": 0,
      "op": 1203,
      "st": 0,
      "bm": 0
    },
    {
      "ddd": 0,
      "ind": 3,
      "ty": 4,
      "nm": "Shape Layer 1",
      "sr": 1,
      "ks": {
        "o": {
          "a": 1,
          "k": [
            {
              "i": {
                "x": [
                  0.833
                ],
                "y": [
                  0.833
                ]
              },
              "o": {
                "x": [
                  0.167
                ],
                "y": [
                  0.167
                ]
              },
              "t": 0,
              "s": [
                30
              ]
            },
            {
              "i": {
                "x": [
                  0.833
                ],
                "y": [
                  0.833
                ]
              },
              "o": {
                "x": [
                  0.167
                ],
                "y": [
                  0.167
                ]
              },
              "t": 16,
              "s": [
                5
              ]
            },
            {
              "t": 60,
              "s": [
                30
              ]
            }
          ],
          "ix": 11
        },
        "r": {
          "a": 0,
          "k": 0,
          "ix": 10
        },
        "p": {
          "a": 0,
          "k": [
            552,
            540,
            0
          ],
          "ix": 2
        },
        "a": {
          "a": 0,
          "k": [
            0,
            0,
            0
          ],
          "ix": 1
        },
        "s": {
          "a": 0,
          "k": [
            100,
            100,
            100
          ],
          "ix": 6
        }
      },
      "ao": 0,
      "shapes": [
        {
          "ty": "gr",
          "it": [
            {
              "ty": "rc",
              "d": 1,
              "s": {
                "a": 0,
                "k": [
                  1083.938,
                  1038.141
                ],
                "ix": 2
              },
              "p": {
                "a": 0,
                "k": [
                  0,
                  0
                ],
                "ix": 3
              },
              "r": {
                "a": 0,
                "k": 0,
                "ix": 4
              },
              "nm": "Rectangle Path 1",
              "mn": "ADBE Vector Shape - Rect",
              "hd": false
            },
            {
              "ty": "st",
              "c": {
                "a": 0,
                "k": [
                  1,
                  1,
                  1,
                  1
                ],
                "ix": 3
              },
              "o": {
                "a": 0,
                "k": 100,
                "ix": 4
              },
              "w": {
                "a": 0,
                "k": 2,
                "ix": 5
              },
              "lc": 1,
              "lj": 1,
              "ml": 4,
              "bm": 0,
              "nm": "Stroke 1",
              "mn": "ADBE Vector Graphic - Stroke",
              "hd": false
            },
            {
              "ty": "gf",
              "o": {
                "a": 0,
                "k": 100,
                "ix": 10
              },
              "r": 1,
              "bm": 0,
              "g": {
                "p": 5,
                "k": {
                  "a": 0,
                  "k": [
                    0,
                    0.738,
                    0.492,
                    1,
                    0.263,
                    0.615,
                    0.746,
                    0.756,
                    0.526,
                    0.492,
                    1,
                    0.512,
                    0.763,
                    0.431,
                    0.943,
                    0.756,
                    1,
                    0.37,
                    0.886,
                    1
                  ],
                  "ix": 9
                }
              },
              "s": {
                "a": 0,
                "k": [
                  -478.875,
                  -418.175
                ],
                "ix": 5
              },
              "e": {
                "a": 0,
                "k": [
                  587.625,
                  377.386
                ],
                "ix": 6
              },
              "t": 1,
              "nm": "Gradient Fill 1",
              "mn": "ADBE Vector Graphic - G-Fill",
              "hd": false
            },
            {
              "ty": "tr",
              "p": {
                "a": 0,
                "k": [
                  -11.438,
                  11.758
                ],
                "ix": 2
              },
              "a": {
                "a": 0,
                "k": [
                  0,
                  0
                ],
                "ix": 1
              },
              "s": {
                "a": 0,
                "k": [
                  100,
                  106.609
                ],
                "ix": 3
              },
              "r": {
                "a": 0,
                "k": 0,
                "ix": 6
              },
              "o": {
                "a": 0,
                "k": 100,
                "ix": 7
              },
              "sk": {
                "a": 0,
                "k": 0,
                "ix": 4
              },
              "sa": {
                "a": 0,
                "k": 0,
                "ix": 5
              },
              "nm": "Transform"
            }
          ],
          "nm": "Rectangle 1",
          "np": 3,
          "cix": 2,
          "bm": 0,
          "ix": 1,
          "mn": "ADBE Vector Group",
          "hd": false
        }
      ],
      "ip": 0,
      "op": 1203,
      "st": 0,
      "bm": 0
    }
  ],
  "markers": []
}