{
  "v": "5.5.9",
  "fr": 29.6000061035156,
  "ip": 0,
  "op": 59.000790786869,
  "w": 1080,
  "h": 1080,
  "nm": "Comp 1",
  "ddd": 0,
  "assets": [
    {
      "id": "image_0",
      "w": 400,
      "h": 396,
      "u": "animation1/",
      "p": "img_0.png",
      "e": 0
    },
    {
      "id": "image_1",
      "w": 400,
      "h": 396,
      "u": "animation1/",
      "p": "img_1.png",
      "e": 0
    },
    {
      "id": "image_2",
      "w": 400,
      "h": 396,
      "u": "animation1/",
      "p": "img_2.png",
      "e": 0
    },
    {
      "id": "image_3",
      "w": 400,
      "h": 396,
      "u": "animation1/",
      "p": "img_3.png",
      "e": 0
    },
    {
      "id": "image_4",
      "w": 400,
      "h": 396,
      "u": "animation1/",
      "p": "img_4.png",
      "e": 0
    },
    {
      "id": "comp_0",
      "layers": [
        {
          "ddd": 0,
          "ind": 1,
          "ty": 2,
          "nm": "5.png",
          "cl": "png",
          "refId": "image_0",
          "sr": 1,
          "ks": {
            "o": {
              "a": 1,
              "k": [
                {
                  "i": {
                    "x": [
                      0.833
                    ],
                    "y": [
                      0.833
                    ]
                  },
                  "o": {
                    "x": [
                      0.167
                    ],
                    "y": [
                      0.167
                    ]
                  },
                  "t": 0,
                  "s": [
                    100
                  ]
                },
                {
                  "i": {
                    "x": [
                      0.833
                    ],
                    "y": [
                      0.833
                    ]
                  },
                  "o": {
                    "x": [
                      0.167
                    ],
                    "y": [
                      0.167
                    ]
                  },
                  "t": 18,
                  "s": [
                    27
                  ]
                },
                {
                  "t": 36.0004825140218,
                  "s": [
                    100
                  ]
                }
              ],
              "ix": 11
            },
            "r": {
              "a": 1,
              "k": [
                {
                  "i": {
                    "x": [
                      0.833
                    ],
                    "y": [
                      0.833
                    ]
                  },
                  "o": {
                    "x": [
                      0.167
                    ],
                    "y": [
                      0.167
                    ]
                  },
                  "t": 0,
                  "s": [
                    0
                  ]
                },
                {
                  "t": 58.9280359054862,
                  "s": [
                    360
                  ]
                }
              ],
              "ix": 10
            },
            "p": {
              "a": 0,
              "k": [
                921.756,
                1007.039,
                0
              ],
              "ix": 2
            },
            "a": {
              "a": 0,
              "k": [
                200,
                198,
                0
              ],
              "ix": 1
            },
            "s": {
              "a": 0,
              "k": [
                26,
                26,
                100
              ],
              "ix": 6
            }
          },
          "ao": 0,
          "ip": 0,
          "op": 1104.01479709667,
          "st": -48.000643352029,
          "bm": 0
        },
        {
          "ddd": 0,
          "ind": 2,
          "ty": 2,
          "nm": "5.png",
          "cl": "png",
          "refId": "image_0",
          "sr": 1,
          "ks": {
            "o": {
              "a": 1,
              "k": [
                {
                  "i": {
                    "x": [
                      0.833
                    ],
                    "y": [
                      0.833
                    ]
                  },
                  "o": {
                    "x": [
                      0.167
                    ],
                    "y": [
                      0.167
                    ]
                  },
                  "t": 34,
                  "s": [
                    100
                  ]
                },
                {
                  "i": {
                    "x": [
                      0.833
                    ],
                    "y": [
                      0.833
                    ]
                  },
                  "o": {
                    "x": [
                      0.167
                    ],
                    "y": [
                      0.167
                    ]
                  },
                  "t": 45.001,
                  "s": [
                    27
                  ]
                },
                {
                  "t": 58.9280359054862,
                  "s": [
                    100
                  ]
                }
              ],
              "ix": 11
            },
            "r": {
              "a": 1,
              "k": [
                {
                  "i": {
                    "x": [
                      0.833
                    ],
                    "y": [
                      0.833
                    ]
                  },
                  "o": {
                    "x": [
                      0.167
                    ],
                    "y": [
                      0.167
                    ]
                  },
                  "t": 0,
                  "s": [
                    0
                  ]
                },
                {
                  "t": 58.9280359054862,
                  "s": [
                    360
                  ]
                }
              ],
              "ix": 10
            },
            "p": {
              "a": 0,
              "k": [
                55.756,
                1041.039,
                0
              ],
              "ix": 2
            },
            "a": {
              "a": 0,
              "k": [
                200,
                198,
                0
              ],
              "ix": 1
            },
            "s": {
              "a": 0,
              "k": [
                26,
                26,
                100
              ],
              "ix": 6
            }
          },
          "ao": 0,
          "ip": 0,
          "op": 1104.01479709667,
          "st": -48.000643352029,
          "bm": 0
        },
        {
          "ddd": 0,
          "ind": 3,
          "ty": 2,
          "nm": "5.png",
          "cl": "png",
          "refId": "image_0",
          "sr": 1,
          "ks": {
            "o": {
              "a": 1,
              "k": [
                {
                  "i": {
                    "x": [
                      0.833
                    ],
                    "y": [
                      0.833
                    ]
                  },
                  "o": {
                    "x": [
                      0.167
                    ],
                    "y": [
                      0.167
                    ]
                  },
                  "t": 0,
                  "s": [
                    100
                  ]
                },
                {
                  "i": {
                    "x": [
                      0.833
                    ],
                    "y": [
                      0.833
                    ]
                  },
                  "o": {
                    "x": [
                      0.167
                    ],
                    "y": [
                      0.167
                    ]
                  },
                  "t": 16,
                  "s": [
                    27
                  ]
                },
                {
                  "t": 30.0004020950181,
                  "s": [
                    100
                  ]
                }
              ],
              "ix": 11
            },
            "r": {
              "a": 1,
              "k": [
                {
                  "i": {
                    "x": [
                      0.833
                    ],
                    "y": [
                      0.833
                    ]
                  },
                  "o": {
                    "x": [
                      0.167
                    ],
                    "y": [
                      0.167
                    ]
                  },
                  "t": 0,
                  "s": [
                    61
                  ]
                },
                {
                  "t": 58.9280359054862,
                  "s": [
                    421
                  ]
                }
              ],
              "ix": 10
            },
            "p": {
              "a": 0,
              "k": [
                579.598,
                259.693,
                0
              ],
              "ix": 2
            },
            "a": {
              "a": 0,
              "k": [
                200,
                198,
                0
              ],
              "ix": 1
            },
            "s": {
              "a": 0,
              "k": [
                26,
                26,
                100
              ],
              "ix": 6
            }
          },
          "ao": 0,
          "ip": -1.00001340316727,
          "op": 92.001233091389,
          "st": 40.0005361266909,
          "bm": 0
        },
        {
          "ddd": 0,
          "ind": 4,
          "ty": 2,
          "nm": "5.png",
          "cl": "png",
          "refId": "image_0",
          "sr": 1,
          "ks": {
            "o": {
              "a": 1,
              "k": [
                {
                  "i": {
                    "x": [
                      0.833
                    ],
                    "y": [
                      0.833
                    ]
                  },
                  "o": {
                    "x": [
                      0.167
                    ],
                    "y": [
                      0.167
                    ]
                  },
                  "t": 29,
                  "s": [
                    100
                  ]
                },
                {
                  "i": {
                    "x": [
                      0.833
                    ],
                    "y": [
                      0.833
                    ]
                  },
                  "o": {
                    "x": [
                      0.167
                    ],
                    "y": [
                      0.167
                    ]
                  },
                  "t": 43.001,
                  "s": [
                    27
                  ]
                },
                {
                  "t": 58.9280359054862,
                  "s": [
                    100
                  ]
                }
              ],
              "ix": 11
            },
            "r": {
              "a": 1,
              "k": [
                {
                  "i": {
                    "x": [
                      0.833
                    ],
                    "y": [
                      0.833
                    ]
                  },
                  "o": {
                    "x": [
                      0.167
                    ],
                    "y": [
                      0.167
                    ]
                  },
                  "t": 0,
                  "s": [
                    61
                  ]
                },
                {
                  "t": 58.9280359054862,
                  "s": [
                    421
                  ]
                }
              ],
              "ix": 10
            },
            "p": {
              "a": 0,
              "k": [
                1033.598,
                289.693,
                0
              ],
              "ix": 2
            },
            "a": {
              "a": 0,
              "k": [
                200,
                198,
                0
              ],
              "ix": 1
            },
            "s": {
              "a": 0,
              "k": [
                26,
                26,
                100
              ],
              "ix": 6
            }
          },
          "ao": 0,
          "ip": -1.00001340316727,
          "op": 92.001233091389,
          "st": 40.0005361266909,
          "bm": 0
        },
        {
          "ddd": 0,
          "ind": 5,
          "ty": 2,
          "nm": "3.png",
          "cl": "png",
          "refId": "image_1",
          "sr": 1,
          "ks": {
            "o": {
              "a": 1,
              "k": [
                {
                  "i": {
                    "x": [
                      0.833
                    ],
                    "y": [
                      0.833
                    ]
                  },
                  "o": {
                    "x": [
                      0.167
                    ],
                    "y": [
                      0.167
                    ]
                  },
                  "t": 0,
                  "s": [
                    100
                  ]
                },
                {
                  "i": {
                    "x": [
                      0.833
                    ],
                    "y": [
                      0.833
                    ]
                  },
                  "o": {
                    "x": [
                      0.167
                    ],
                    "y": [
                      0.167
                    ]
                  },
                  "t": 13,
                  "s": [
                    27
                  ]
                },
                {
                  "t": 24.0003216760145,
                  "s": [
                    100
                  ]
                }
              ],
              "ix": 11
            },
            "r": {
              "a": 1,
              "k": [
                {
                  "i": {
                    "x": [
                      0.833
                    ],
                    "y": [
                      0.833
                    ]
                  },
                  "o": {
                    "x": [
                      0.167
                    ],
                    "y": [
                      0.167
                    ]
                  },
                  "t": 0,
                  "s": [
                    -78
                  ]
                },
                {
                  "t": 58.9280359054862,
                  "s": [
                    -438
                  ]
                }
              ],
              "ix": 10
            },
            "p": {
              "a": 0,
              "k": [
                907.732,
                93.953,
                0
              ],
              "ix": 2
            },
            "a": {
              "a": 0,
              "k": [
                200,
                198,
                0
              ],
              "ix": 1
            },
            "s": {
              "a": 0,
              "k": [
                26,
                26,
                100
              ],
              "ix": 6
            }
          },
          "ao": 0,
          "ip": -1.00001340316727,
          "op": 1175.01574872154,
          "st": 23.0003082728472,
          "bm": 0
        },
        {
          "ddd": 0,
          "ind": 6,
          "ty": 2,
          "nm": "3.png",
          "cl": "png",
          "refId": "image_1",
          "sr": 1,
          "ks": {
            "o": {
              "a": 1,
              "k": [
                {
                  "i": {
                    "x": [
                      0.833
                    ],
                    "y": [
                      0.833
                    ]
                  },
                  "o": {
                    "x": [
                      0.167
                    ],
                    "y": [
                      0.167
                    ]
                  },
                  "t": 40.001,
                  "s": [
                    100
                  ]
                },
                {
                  "i": {
                    "x": [
                      0.833
                    ],
                    "y": [
                      0.833
                    ]
                  },
                  "o": {
                    "x": [
                      0.167
                    ],
                    "y": [
                      0.167
                    ]
                  },
                  "t": 49.001,
                  "s": [
                    27
                  ]
                },
                {
                  "t": 58.9280359054862,
                  "s": [
                    100
                  ]
                }
              ],
              "ix": 11
            },
            "r": {
              "a": 1,
              "k": [
                {
                  "i": {
                    "x": [
                      0.833
                    ],
                    "y": [
                      0.833
                    ]
                  },
                  "o": {
                    "x": [
                      0.167
                    ],
                    "y": [
                      0.167
                    ]
                  },
                  "t": 0,
                  "s": [
                    -78
                  ]
                },
                {
                  "t": 58.9280359054862,
                  "s": [
                    -438
                  ]
                }
              ],
              "ix": 10
            },
            "p": {
              "a": 0,
              "k": [
                725.732,
                465.953,
                0
              ],
              "ix": 2
            },
            "a": {
              "a": 0,
              "k": [
                200,
                198,
                0
              ],
              "ix": 1
            },
            "s": {
              "a": 0,
              "k": [
                26,
                26,
                100
              ],
              "ix": 6
            }
          },
          "ao": 0,
          "ip": -1.00001340316727,
          "op": 1175.01574872154,
          "st": 23.0003082728472,
          "bm": 0
        },
        {
          "ddd": 0,
          "ind": 7,
          "ty": 2,
          "nm": "4.png",
          "cl": "png",
          "refId": "image_2",
          "sr": 1,
          "ks": {
            "o": {
              "a": 1,
              "k": [
                {
                  "i": {
                    "x": [
                      0.833
                    ],
                    "y": [
                      0.833
                    ]
                  },
                  "o": {
                    "x": [
                      0.167
                    ],
                    "y": [
                      0.167
                    ]
                  },
                  "t": 0,
                  "s": [
                    100
                  ]
                },
                {
                  "i": {
                    "x": [
                      0.833
                    ],
                    "y": [
                      0.833
                    ]
                  },
                  "o": {
                    "x": [
                      0.167
                    ],
                    "y": [
                      0.167
                    ]
                  },
                  "t": 15,
                  "s": [
                    27
                  ]
                },
                {
                  "t": 29.0003886918509,
                  "s": [
                    100
                  ]
                }
              ],
              "ix": 11
            },
            "r": {
              "a": 1,
              "k": [
                {
                  "i": {
                    "x": [
                      0.833
                    ],
                    "y": [
                      0.833
                    ]
                  },
                  "o": {
                    "x": [
                      0.167
                    ],
                    "y": [
                      0.167
                    ]
                  },
                  "t": 0,
                  "s": [
                    34
                  ]
                },
                {
                  "t": 58.9280359054862,
                  "s": [
                    394
                  ]
                }
              ],
              "ix": 10
            },
            "p": {
              "a": 0,
              "k": [
                131.598,
                600.693,
                0
              ],
              "ix": 2
            },
            "a": {
              "a": 0,
              "k": [
                200,
                198,
                0
              ],
              "ix": 1
            },
            "s": {
              "a": 0,
              "k": [
                25.653,
                25.653,
                100
              ],
              "ix": 6
            }
          },
          "ao": 0,
          "ip": -1.00001340316727,
          "op": 1163.01558788354,
          "st": 11.00014743484,
          "bm": 0
        },
        {
          "ddd": 0,
          "ind": 8,
          "ty": 2,
          "nm": "4.png",
          "cl": "png",
          "refId": "image_2",
          "sr": 1,
          "ks": {
            "o": {
              "a": 1,
              "k": [
                {
                  "i": {
                    "x": [
                      0.833
                    ],
                    "y": [
                      0.833
                    ]
                  },
                  "o": {
                    "x": [
                      0.167
                    ],
                    "y": [
                      0.167
                    ]
                  },
                  "t": 0,
                  "s": [
                    100
                  ]
                },
                {
                  "i": {
                    "x": [
                      0.833
                    ],
                    "y": [
                      0.833
                    ]
                  },
                  "o": {
                    "x": [
                      0.167
                    ],
                    "y": [
                      0.167
                    ]
                  },
                  "t": 11,
                  "s": [
                    27
                  ]
                },
                {
                  "t": 28.0003752886836,
                  "s": [
                    100
                  ]
                }
              ],
              "ix": 11
            },
            "r": {
              "a": 1,
              "k": [
                {
                  "i": {
                    "x": [
                      0.833
                    ],
                    "y": [
                      0.833
                    ]
                  },
                  "o": {
                    "x": [
                      0.167
                    ],
                    "y": [
                      0.167
                    ]
                  },
                  "t": 0,
                  "s": [
                    34
                  ]
                },
                {
                  "t": 58.9280359054862,
                  "s": [
                    394
                  ]
                }
              ],
              "ix": 10
            },
            "p": {
              "a": 0,
              "k": [
                983.598,
                642.693,
                0
              ],
              "ix": 2
            },
            "a": {
              "a": 0,
              "k": [
                200,
                198,
                0
              ],
              "ix": 1
            },
            "s": {
              "a": 0,
              "k": [
                25.653,
                25.653,
                100
              ],
              "ix": 6
            }
          },
          "ao": 0,
          "ip": -1.00001340316727,
          "op": 1163.01558788354,
          "st": 11.00014743484,
          "bm": 0
        },
        {
          "ddd": 0,
          "ind": 9,
          "ty": 2,
          "nm": "2.png",
          "cl": "png",
          "refId": "image_3",
          "sr": 1,
          "ks": {
            "o": {
              "a": 1,
              "k": [
                {
                  "i": {
                    "x": [
                      0.833
                    ],
                    "y": [
                      0.833
                    ]
                  },
                  "o": {
                    "x": [
                      0.167
                    ],
                    "y": [
                      0.167
                    ]
                  },
                  "t": 0,
                  "s": [
                    100
                  ]
                },
                {
                  "i": {
                    "x": [
                      0.833
                    ],
                    "y": [
                      0.833
                    ]
                  },
                  "o": {
                    "x": [
                      0.167
                    ],
                    "y": [
                      0.167
                    ]
                  },
                  "t": 19,
                  "s": [
                    27
                  ]
                },
                {
                  "t": 35.0004691108545,
                  "s": [
                    100
                  ]
                }
              ],
              "ix": 11
            },
            "r": {
              "a": 1,
              "k": [
                {
                  "i": {
                    "x": [
                      0.833
                    ],
                    "y": [
                      0.833
                    ]
                  },
                  "o": {
                    "x": [
                      0.167
                    ],
                    "y": [
                      0.167
                    ]
                  },
                  "t": 0,
                  "s": [
                    44
                  ]
                },
                {
                  "t": 58.9280359054862,
                  "s": [
                    404
                  ]
                }
              ],
              "ix": 10
            },
            "p": {
              "a": 0,
              "k": [
                478.07,
                609.952,
                0
              ],
              "ix": 2
            },
            "a": {
              "a": 0,
              "k": [
                200,
                198,
                0
              ],
              "ix": 1
            },
            "s": {
              "a": 0,
              "k": [
                26,
                26,
                100
              ],
              "ix": 6
            }
          },
          "ao": 0,
          "ip": -1.00001340316727,
          "op": 1180.01581573738,
          "st": 28.0003752886836,
          "bm": 0
        },
        {
          "ddd": 0,
          "ind": 10,
          "ty": 2,
          "nm": "2.png",
          "cl": "png",
          "refId": "image_3",
          "sr": 1,
          "ks": {
            "o": {
              "a": 1,
              "k": [
                {
                  "i": {
                    "x": [
                      0.833
                    ],
                    "y": [
                      0.833
                    ]
                  },
                  "o": {
                    "x": [
                      0.167
                    ],
                    "y": [
                      0.167
                    ]
                  },
                  "t": 28,
                  "s": [
                    100
                  ]
                },
                {
                  "i": {
                    "x": [
                      0.833
                    ],
                    "y": [
                      0.833
                    ]
                  },
                  "o": {
                    "x": [
                      0.167
                    ],
                    "y": [
                      0.167
                    ]
                  },
                  "t": 46.001,
                  "s": [
                    27
                  ]
                },
                {
                  "t": 58.9280359054862,
                  "s": [
                    100
                  ]
                }
              ],
              "ix": 11
            },
            "r": {
              "a": 1,
              "k": [
                {
                  "i": {
                    "x": [
                      0.833
                    ],
                    "y": [
                      0.833
                    ]
                  },
                  "o": {
                    "x": [
                      0.167
                    ],
                    "y": [
                      0.167
                    ]
                  },
                  "t": 0,
                  "s": [
                    44
                  ]
                },
                {
                  "t": 58.9280359054862,
                  "s": [
                    404
                  ]
                }
              ],
              "ix": 10
            },
            "p": {
              "a": 0,
              "k": [
                380.07,
                87.952,
                0
              ],
              "ix": 2
            },
            "a": {
              "a": 0,
              "k": [
                200,
                198,
                0
              ],
              "ix": 1
            },
            "s": {
              "a": 0,
              "k": [
                26,
                26,
                100
              ],
              "ix": 6
            }
          },
          "ao": 0,
          "ip": -1.00001340316727,
          "op": 1180.01581573738,
          "st": 28.0003752886836,
          "bm": 0
        },
        {
          "ddd": 0,
          "ind": 11,
          "ty": 2,
          "nm": "1.png",
          "cl": "png",
          "refId": "image_4",
          "sr": 1,
          "ks": {
            "o": {
              "a": 1,
              "k": [
                {
                  "i": {
                    "x": [
                      0.833
                    ],
                    "y": [
                      0.833
                    ]
                  },
                  "o": {
                    "x": [
                      0.167
                    ],
                    "y": [
                      0.167
                    ]
                  },
                  "t": 22,
                  "s": [
                    100
                  ]
                },
                {
                  "i": {
                    "x": [
                      0.833
                    ],
                    "y": [
                      0.833
                    ]
                  },
                  "o": {
                    "x": [
                      0.167
                    ],
                    "y": [
                      0.167
                    ]
                  },
                  "t": 42.001,
                  "s": [
                    27
                  ]
                },
                {
                  "t": 58.9280359054862,
                  "s": [
                    100
                  ]
                }
              ],
              "ix": 11
            },
            "r": {
              "a": 1,
              "k": [
                {
                  "i": {
                    "x": [
                      0.833
                    ],
                    "y": [
                      0.833
                    ]
                  },
                  "o": {
                    "x": [
                      0.167
                    ],
                    "y": [
                      0.167
                    ]
                  },
                  "t": 0,
                  "s": [
                    -34
                  ]
                },
                {
                  "t": 58.9280359054862,
                  "s": [
                    -394
                  ]
                }
              ],
              "ix": 10
            },
            "p": {
              "a": 0,
              "k": [
                464.721,
                958.357,
                0
              ],
              "ix": 2
            },
            "a": {
              "a": 0,
              "k": [
                200,
                198,
                0
              ],
              "ix": 1
            },
            "s": {
              "a": 0,
              "k": [
                22.153,
                22.153,
                100
              ],
              "ix": 6
            }
          },
          "ao": 0,
          "ip": 0,
          "op": 1152.0154404487,
          "st": 0,
          "bm": 0
        },
        {
          "ddd": 0,
          "ind": 12,
          "ty": 2,
          "nm": "1.png",
          "cl": "png",
          "refId": "image_4",
          "sr": 1,
          "ks": {
            "o": {
              "a": 1,
              "k": [
                {
                  "i": {
                    "x": [
                      0.833
                    ],
                    "y": [
                      0.833
                    ]
                  },
                  "o": {
                    "x": [
                      0.167
                    ],
                    "y": [
                      0.167
                    ]
                  },
                  "t": 0,
                  "s": [
                    100
                  ]
                },
                {
                  "i": {
                    "x": [
                      0.833
                    ],
                    "y": [
                      0.833
                    ]
                  },
                  "o": {
                    "x": [
                      0.167
                    ],
                    "y": [
                      0.167
                    ]
                  },
                  "t": 16,
                  "s": [
                    27
                  ]
                },
                {
                  "t": 32.0004289013527,
                  "s": [
                    100
                  ]
                }
              ],
              "ix": 11
            },
            "r": {
              "a": 1,
              "k": [
                {
                  "i": {
                    "x": [
                      0.833
                    ],
                    "y": [
                      0.833
                    ]
                  },
                  "o": {
                    "x": [
                      0.167
                    ],
                    "y": [
                      0.167
                    ]
                  },
                  "t": 0,
                  "s": [
                    -34
                  ]
                },
                {
                  "t": 58.9280359054862,
                  "s": [
                    -394
                  ]
                }
              ],
              "ix": 10
            },
            "p": {
              "a": 0,
              "k": [
                52.721,
                242.357,
                0
              ],
              "ix": 2
            },
            "a": {
              "a": 0,
              "k": [
                200,
                198,
                0
              ],
              "ix": 1
            },
            "s": {
              "a": 0,
              "k": [
                22.153,
                22.153,
                100
              ],
              "ix": 6
            }
          },
          "ao": 0,
          "ip": 0,
          "op": 1152.0154404487,
          "st": 0,
          "bm": 0
        }
      ]
    }
  ],
  "layers": [
    {
      "ddd": 0,
      "ind": 1,
      "ty": 0,
      "nm": "2",
      "refId": "comp_0",
      "sr": 1,
      "ks": {
        "o": {
          "a": 0,
          "k": 100,
          "ix": 11
        },
        "r": {
          "a": 0,
          "k": 0,
          "ix": 10
        },
        "p": {
          "a": 1,
          "k": [
            {
              "i": {
                "x": 0.833,
                "y": 0.833
              },
              "o": {
                "x": 0.167,
                "y": 0.167
              },
              "t": 0,
              "s": [
                540,
                -540,
                0
              ],
              "to": [
                0,
                180.042,
                0
              ],
              "ti": [
                0,
                -180.042,
                0
              ]
            },
            {
              "t": 59.000790786869,
              "s": [
                540,
                540.25,
                0
              ]
            }
          ],
          "ix": 2
        },
        "a": {
          "a": 0,
          "k": [
            540,
            540,
            0
          ],
          "ix": 1
        },
        "s": {
          "a": 0,
          "k": [
            100,
            100,
            100
          ],
          "ix": 6
        }
      },
      "ao": 0,
      "w": 1080,
      "h": 1080,
      "ip": 0,
      "op": 1152.0154404487,
      "st": 0,
      "bm": 0
    },
    {
      "ddd": 0,
      "ind": 2,
      "ty": 0,
      "nm": "1",
      "refId": "comp_0",
      "sr": 1,
      "ks": {
        "o": {
          "a": 0,
          "k": 100,
          "ix": 11
        },
        "r": {
          "a": 0,
          "k": 0,
          "ix": 10
        },
        "p": {
          "a": 1,
          "k": [
            {
              "i": {
                "x": 0.833,
                "y": 0.833
              },
              "o": {
                "x": 0.167,
                "y": 0.167
              },
              "t": 0,
              "s": [
                540,
                540,
                0
              ],
              "to": [
                0,
                180.042,
                0
              ],
              "ti": [
                0,
                -180.042,
                0
              ]
            },
            {
              "t": 59.000790786869,
              "s": [
                540,
                1620.25,
                0
              ]
            }
          ],
          "ix": 2
        },
        "a": {
          "a": 0,
          "k": [
            540,
            540,
            0
          ],
          "ix": 1
        },
        "s": {
          "a": 0,
          "k": [
            100,
            100,
            100
          ],
          "ix": 6
        }
      },
      "ao": 0,
      "w": 1080,
      "h": 1080,
      "ip": 0,
      "op": 1152.0154404487,
      "st": 0,
      "bm": 0
    },
    {
      "ddd": 0,
      "ind": 3,
      "ty": 4,
      "nm": "Shape Layer 1",
      "sr": 1,
      "ks": {
        "o": {
          "a": 0,
          "k": 12,
          "ix": 11
        },
        "r": {
          "a": 0,
          "k": 0,
          "ix": 10
        },
        "p": {
          "a": 0,
          "k": [
            540,
            540,
            0
          ],
          "ix": 2
        },
        "a": {
          "a": 0,
          "k": [
            0,
            0,
            0
          ],
          "ix": 1
        },
        "s": {
          "a": 0,
          "k": [
            100,
            100,
            100
          ],
          "ix": 6
        }
      },
      "ao": 0,
      "shapes": [
        {
          "ty": "gr",
          "it": [
            {
              "ty": "rc",
              "d": 1,
              "s": {
                "a": 0,
                "k": [
                  1167.859,
                  1192.281
                ],
                "ix": 2
              },
              "p": {
                "a": 0,
                "k": [
                  0,
                  0
                ],
                "ix": 3
              },
              "r": {
                "a": 0,
                "k": 0,
                "ix": 4
              },
              "nm": "Rectangle Path 1",
              "mn": "ADBE Vector Shape - Rect",
              "hd": false
            },
            {
              "ty": "st",
              "c": {
                "a": 0,
                "k": [
                  1,
                  1,
                  1,
                  1
                ],
                "ix": 3
              },
              "o": {
                "a": 0,
                "k": 100,
                "ix": 4
              },
              "w": {
                "a": 0,
                "k": 2,
                "ix": 5
              },
              "lc": 1,
              "lj": 1,
              "ml": 4,
              "bm": 0,
              "nm": "Stroke 1",
              "mn": "ADBE Vector Graphic - Stroke",
              "hd": false
            },
            {
              "ty": "fl",
              "c": {
                "a": 1,
                "k": [
                  {
                    "i": {
                      "x": [
                        0.667
                      ],
                      "y": [
                        1
                      ]
                    },
                    "o": {
                      "x": [
                        0.333
                      ],
                      "y": [
                        0
                      ]
                    },
                    "t": 0,
                    "s": [
                      0,
                      1,
                      0.037132389843,
                      1
                    ]
                  },
                  {
                    "i": {
                      "x": [
                        0.667
                      ],
                      "y": [
                        1
                      ]
                    },
                    "o": {
                      "x": [
                        0.333
                      ],
                      "y": [
                        0
                      ]
                    },
                    "t": 1,
                    "s": [
                      1,
                      0,
                      0.866819739342,
                      1
                    ]
                  },
                  {
                    "i": {
                      "x": [
                        0.667
                      ],
                      "y": [
                        1
                      ]
                    },
                    "o": {
                      "x": [
                        0.333
                      ],
                      "y": [
                        0
                      ]
                    },
                    "t": 2,
                    "s": [
                      1,
                      0.432812511921,
                      0,
                      1
                    ]
                  },
                  {
                    "i": {
                      "x": [
                        0.667
                      ],
                      "y": [
                        1
                      ]
                    },
                    "o": {
                      "x": [
                        0.333
                      ],
                      "y": [
                        0
                      ]
                    },
                    "t": 4,
                    "s": [
                      1,
                      0.38795953989,
                      0,
                      1
                    ]
                  },
                  {
                    "i": {
                      "x": [
                        0.667
                      ],
                      "y": [
                        1
                      ]
                    },
                    "o": {
                      "x": [
                        0.333
                      ],
                      "y": [
                        0
                      ]
                    },
                    "t": 6,
                    "s": [
                      0.817003905773,
                      0,
                      1,
                      1
                    ]
                  },
                  {
                    "i": {
                      "x": [
                        0.667
                      ],
                      "y": [
                        1
                      ]
                    },
                    "o": {
                      "x": [
                        0.333
                      ],
                      "y": [
                        0
                      ]
                    },
                    "t": 10,
                    "s": [
                      0,
                      1,
                      0.037132389843,
                      1
                    ]
                  },
                  {
                    "i": {
                      "x": [
                        0.667
                      ],
                      "y": [
                        1
                      ]
                    },
                    "o": {
                      "x": [
                        0.333
                      ],
                      "y": [
                        0
                      ]
                    },
                    "t": 11,
                    "s": [
                      1,
                      0,
                      0.866819739342,
                      1
                    ]
                  },
                  {
                    "i": {
                      "x": [
                        0.667
                      ],
                      "y": [
                        1
                      ]
                    },
                    "o": {
                      "x": [
                        0.333
                      ],
                      "y": [
                        0
                      ]
                    },
                    "t": 14,
                    "s": [
                      1,
                      0.38795953989,
                      0,
                      1
                    ]
                  },
                  {
                    "i": {
                      "x": [
                        0.667
                      ],
                      "y": [
                        1
                      ]
                    },
                    "o": {
                      "x": [
                        0.333
                      ],
                      "y": [
                        0
                      ]
                    },
                    "t": 16,
                    "s": [
                      0.817003905773,
                      0,
                      1,
                      1
                    ]
                  },
                  {
                    "i": {
                      "x": [
                        0.667
                      ],
                      "y": [
                        1
                      ]
                    },
                    "o": {
                      "x": [
                        0.333
                      ],
                      "y": [
                        0
                      ]
                    },
                    "t": 20,
                    "s": [
                      0,
                      1,
                      0.037132389843,
                      1
                    ]
                  },
                  {
                    "i": {
                      "x": [
                        0.667
                      ],
                      "y": [
                        1
                      ]
                    },
                    "o": {
                      "x": [
                        0.333
                      ],
                      "y": [
                        0
                      ]
                    },
                    "t": 21,
                    "s": [
                      1,
                      0,
                      0.866819739342,
                      1
                    ]
                  },
                  {
                    "i": {
                      "x": [
                        0.667
                      ],
                      "y": [
                        1
                      ]
                    },
                    "o": {
                      "x": [
                        0.333
                      ],
                      "y": [
                        0
                      ]
                    },
                    "t": 23,
                    "s": [
                      0,
                      0.054871369153,
                      1,
                      1
                    ]
                  },
                  {
                    "i": {
                      "x": [
                        0.667
                      ],
                      "y": [
                        1
                      ]
                    },
                    "o": {
                      "x": [
                        0.333
                      ],
                      "y": [
                        0
                      ]
                    },
                    "t": 24,
                    "s": [
                      1,
                      0.38795953989,
                      0,
                      1
                    ]
                  },
                  {
                    "i": {
                      "x": [
                        0.667
                      ],
                      "y": [
                        1
                      ]
                    },
                    "o": {
                      "x": [
                        0.333
                      ],
                      "y": [
                        0
                      ]
                    },
                    "t": 26,
                    "s": [
                      0.817003905773,
                      0,
                      1,
                      1
                    ]
                  },
                  {
                    "i": {
                      "x": [
                        0.667
                      ],
                      "y": [
                        1
                      ]
                    },
                    "o": {
                      "x": [
                        0.333
                      ],
                      "y": [
                        0
                      ]
                    },
                    "t": 30,
                    "s": [
                      0,
                      1,
                      0.037132389843,
                      1
                    ]
                  },
                  {
                    "i": {
                      "x": [
                        0.667
                      ],
                      "y": [
                        1
                      ]
                    },
                    "o": {
                      "x": [
                        0.333
                      ],
                      "y": [
                        0
                      ]
                    },
                    "t": 31,
                    "s": [
                      1,
                      0,
                      0.866819739342,
                      1
                    ]
                  },
                  {
                    "i": {
                      "x": [
                        0.667
                      ],
                      "y": [
                        1
                      ]
                    },
                    "o": {
                      "x": [
                        0.333
                      ],
                      "y": [
                        0
                      ]
                    },
                    "t": 32,
                    "s": [
                      1,
                      0.432812511921,
                      0,
                      1
                    ]
                  },
                  {
                    "i": {
                      "x": [
                        0.667
                      ],
                      "y": [
                        1
                      ]
                    },
                    "o": {
                      "x": [
                        0.333
                      ],
                      "y": [
                        0
                      ]
                    },
                    "t": 33,
                    "s": [
                      0,
                      0.054871369153,
                      1,
                      1
                    ]
                  },
                  {
                    "i": {
                      "x": [
                        0.667
                      ],
                      "y": [
                        1
                      ]
                    },
                    "o": {
                      "x": [
                        0.333
                      ],
                      "y": [
                        0
                      ]
                    },
                    "t": 34,
                    "s": [
                      1,
                      0.38795953989,
                      0,
                      1
                    ]
                  },
                  {
                    "i": {
                      "x": [
                        0.667
                      ],
                      "y": [
                        1
                      ]
                    },
                    "o": {
                      "x": [
                        0.333
                      ],
                      "y": [
                        0
                      ]
                    },
                    "t": 36,
                    "s": [
                      0.817003905773,
                      0,
                      1,
                      1
                    ]
                  },
                  {
                    "i": {
                      "x": [
                        0.667
                      ],
                      "y": [
                        1
                      ]
                    },
                    "o": {
                      "x": [
                        0.333
                      ],
                      "y": [
                        0
                      ]
                    },
                    "t": 43.001,
                    "s": [
                      0,
                      1,
                      0.037132389843,
                      1
                    ]
                  },
                  {
                    "i": {
                      "x": [
                        0.667
                      ],
                      "y": [
                        1
                      ]
                    },
                    "o": {
                      "x": [
                        0.333
                      ],
                      "y": [
                        0
                      ]
                    },
                    "t": 44.001,
                    "s": [
                      1,
                      0,
                      0.866819739342,
                      1
                    ]
                  },
                  {
                    "i": {
                      "x": [
                        0.667
                      ],
                      "y": [
                        1
                      ]
                    },
                    "o": {
                      "x": [
                        0.333
                      ],
                      "y": [
                        0
                      ]
                    },
                    "t": 45.001,
                    "s": [
                      1,
                      0.432812511921,
                      0,
                      1
                    ]
                  },
                  {
                    "i": {
                      "x": [
                        0.667
                      ],
                      "y": [
                        1
                      ]
                    },
                    "o": {
                      "x": [
                        0.333
                      ],
                      "y": [
                        0
                      ]
                    },
                    "t": 47.001,
                    "s": [
                      1,
                      0.38795953989,
                      0,
                      1
                    ]
                  },
                  {
                    "i": {
                      "x": [
                        0.667
                      ],
                      "y": [
                        1
                      ]
                    },
                    "o": {
                      "x": [
                        0.333
                      ],
                      "y": [
                        0
                      ]
                    },
                    "t": 49.001,
                    "s": [
                      0.817003905773,
                      0,
                      1,
                      1
                    ]
                  },
                  {
                    "i": {
                      "x": [
                        0.667
                      ],
                      "y": [
                        1
                      ]
                    },
                    "o": {
                      "x": [
                        0.333
                      ],
                      "y": [
                        0
                      ]
                    },
                    "t": 53.001,
                    "s": [
                      0,
                      1,
                      0.037132389843,
                      1
                    ]
                  },
                  {
                    "i": {
                      "x": [
                        0.667
                      ],
                      "y": [
                        1
                      ]
                    },
                    "o": {
                      "x": [
                        0.333
                      ],
                      "y": [
                        0
                      ]
                    },
                    "t": 54.001,
                    "s": [
                      1,
                      0,
                      0.866819739342,
                      1
                    ]
                  },
                  {
                    "i": {
                      "x": [
                        0.667
                      ],
                      "y": [
                        1
                      ]
                    },
                    "o": {
                      "x": [
                        0.333
                      ],
                      "y": [
                        0
                      ]
                    },
                    "t": 57.001,
                    "s": [
                      1,
                      0.38795953989,
                      0,
                      1
                    ]
                  },
                  {
                    "t": 59.000790786869,
                    "s": [
                      0.817003905773,
                      0,
                      1,
                      1
                    ]
                  }
                ],
                "ix": 4
              },
              "o": {
                "a": 0,
                "k": 100,
                "ix": 5
              },
              "r": 1,
              "bm": 0,
              "nm": "Fill 1",
              "mn": "ADBE Vector Graphic - Fill",
              "hd": false
            },
            {
              "ty": "tr",
              "p": {
                "a": 0,
                "k": [
                  7.93,
                  -3.859
                ],
                "ix": 2
              },
              "a": {
                "a": 0,
                "k": [
                  0,
                  0
                ],
                "ix": 1
              },
              "s": {
                "a": 0,
                "k": [
                  100,
                  100
                ],
                "ix": 3
              },
              "r": {
                "a": 0,
                "k": 0,
                "ix": 6
              },
              "o": {
                "a": 0,
                "k": 100,
                "ix": 7
              },
              "sk": {
                "a": 0,
                "k": 0,
                "ix": 4
              },
              "sa": {
                "a": 0,
                "k": 0,
                "ix": 5
              },
              "nm": "Transform"
            }
          ],
          "nm": "Rectangle 1",
          "np": 3,
          "cix": 2,
          "bm": 0,
          "ix": 1,
          "mn": "ADBE Vector Group",
          "hd": false
        }
      ],
      "ip": 0,
      "op": 1152.0154404487,
      "st": 0,
      "bm": 0
    }
  ],
  "markers": []
}