{"v":"5.5.6","fr":30,"ip":0,"op":180,"w":1080,"h":1920,"nm":"FIRE","ddd":0,"assets":[{"id":"image_0","w":84,"h":189,"u":"images/","p":"img_0.png","e":0},{"id":"image_1","w":117,"h":196,"u":"images/","p":"img_1.png","e":0},{"id":"image_2","w":165,"h":536,"u":"images/","p":"img_2.png","e":0},{"id":"image_3","w":483,"h":385,"u":"images/","p":"img_3.png","e":0},{"id":"image_4","w":720,"h":894,"u":"images/","p":"img_4.png","e":0},{"id":"comp_0","layers":[{"ddd":0,"ind":1,"ty":2,"nm":"arrow.png","cl":"png","refId":"image_0","sr":1,"ks":{"o":{"a":0,"k":100,"ix":11},"r":{"a":0,"k":3,"ix":10},"p":{"a":0,"k":[477,122,0],"ix":2},"a":{"a":0,"k":[44.326,189.849,0],"ix":1},"s":{"a":1,"k":[{"i":{"x":[0.833,0.833,0.833],"y":[0.833,0.833,0.833]},"o":{"x":[0.167,0.167,0.167],"y":[0.167,0.167,0.167]},"t":35,"s":[43,0,100],"e":[43,43,100]},{"t":45}],"ix":6}},"ao":0,"ip":35,"op":215,"st":35,"bm":0},{"ddd":0,"ind":2,"ty":2,"nm":"arrow.png","cl":"png","refId":"image_0","sr":1,"ks":{"o":{"a":0,"k":100,"ix":11},"r":{"a":0,"k":3,"ix":10},"p":{"a":0,"k":[377,156,0],"ix":2},"a":{"a":0,"k":[44.326,189.849,0],"ix":1},"s":{"a":1,"k":[{"i":{"x":[0.833,0.833,0.833],"y":[0.833,0.833,0.833]},"o":{"x":[0.167,0.167,0.167],"y":[0.167,0.167,0.167]},"t":35,"s":[43,0,100],"e":[43,43,100]},{"t":45}],"ix":6}},"ao":0,"ip":35,"op":215,"st":35,"bm":0},{"ddd":0,"ind":3,"ty":2,"nm":"arrow.png","cl":"png","refId":"image_0","sr":1,"ks":{"o":{"a":0,"k":100,"ix":11},"r":{"a":0,"k":3,"ix":10},"p":{"a":0,"k":[299,362,0],"ix":2},"a":{"a":0,"k":[44.326,189.849,0],"ix":1},"s":{"a":1,"k":[{"i":{"x":[0.833,0.833,0.833],"y":[0.833,0.833,0.833]},"o":{"x":[0.167,0.167,0.167],"y":[0.167,0.167,0.167]},"t":27,"s":[43,0,100],"e":[43,43,100]},{"t":37}],"ix":6}},"ao":0,"ip":27,"op":207,"st":27,"bm":0},{"ddd":0,"ind":4,"ty":2,"nm":"arrow.png","cl":"png","refId":"image_0","sr":1,"ks":{"o":{"a":0,"k":100,"ix":11},"r":{"a":0,"k":25,"ix":10},"p":{"a":0,"k":[697,234,0],"ix":2},"a":{"a":0,"k":[44.326,189.849,0],"ix":1},"s":{"a":1,"k":[{"i":{"x":[0.833,0.833,0.833],"y":[0.833,0.833,0.833]},"o":{"x":[0.167,0.167,0.167],"y":[0.167,0.167,0.167]},"t":42,"s":[43,0,100],"e":[43,43,100]},{"t":52}],"ix":6}},"ao":0,"ip":42,"op":222,"st":42,"bm":0},{"ddd":0,"ind":5,"ty":2,"nm":"arrow.png","cl":"png","refId":"image_0","sr":1,"ks":{"o":{"a":0,"k":100,"ix":11},"r":{"a":0,"k":3,"ix":10},"p":{"a":0,"k":[379,592,0],"ix":2},"a":{"a":0,"k":[44.326,189.849,0],"ix":1},"s":{"a":1,"k":[{"i":{"x":[0.833,0.833,0.833],"y":[0.833,0.833,0.833]},"o":{"x":[0.167,0.167,0.167],"y":[0.167,0.167,0.167]},"t":6,"s":[43,0,100],"e":[43,43,100]},{"t":16}],"ix":6}},"ao":0,"ip":6,"op":186,"st":6,"bm":0},{"ddd":0,"ind":6,"ty":2,"nm":"arrow.png","cl":"png","refId":"image_0","sr":1,"ks":{"o":{"a":0,"k":100,"ix":11},"r":{"a":0,"k":54,"ix":10},"p":{"a":0,"k":[793,128,0],"ix":2},"a":{"a":0,"k":[44.326,189.849,0],"ix":1},"s":{"a":1,"k":[{"i":{"x":[0.833,0.833,0.833],"y":[0.833,0.833,0.833]},"o":{"x":[0.167,0.167,0.167],"y":[0.167,0.167,0.167]},"t":42,"s":[43,0,100],"e":[43,43,100]},{"t":52}],"ix":6}},"ao":0,"ip":42,"op":222,"st":42,"bm":0},{"ddd":0,"ind":7,"ty":2,"nm":"arrow.png","cl":"png","refId":"image_0","sr":1,"ks":{"o":{"a":0,"k":100,"ix":11},"r":{"a":0,"k":54,"ix":10},"p":{"a":0,"k":[587,290,0],"ix":2},"a":{"a":0,"k":[44.326,189.849,0],"ix":1},"s":{"a":1,"k":[{"i":{"x":[0.833,0.833,0.833],"y":[0.833,0.833,0.833]},"o":{"x":[0.167,0.167,0.167],"y":[0.167,0.167,0.167]},"t":35,"s":[43,0,100],"e":[43,43,100]},{"t":45}],"ix":6}},"ao":0,"ip":35,"op":215,"st":35,"bm":0},{"ddd":0,"ind":8,"ty":2,"nm":"arrow.png","cl":"png","refId":"image_0","sr":1,"ks":{"o":{"a":0,"k":100,"ix":11},"r":{"a":0,"k":19,"ix":10},"p":{"a":0,"k":[439,542,0],"ix":2},"a":{"a":0,"k":[44.326,189.849,0],"ix":1},"s":{"a":1,"k":[{"i":{"x":[0.833,0.833,0.833],"y":[0.833,0.833,0.833]},"o":{"x":[0.167,0.167,0.167],"y":[0.167,0.167,0.167]},"t":20,"s":[43,0,100],"e":[43,43,100]},{"t":30}],"ix":6}},"ao":0,"ip":20,"op":200,"st":20,"bm":0},{"ddd":0,"ind":9,"ty":2,"nm":"arrow.png","cl":"png","refId":"image_0","sr":1,"ks":{"o":{"a":0,"k":100,"ix":11},"r":{"a":0,"k":33,"ix":10},"p":{"a":0,"k":[515,414,0],"ix":2},"a":{"a":0,"k":[44.326,189.849,0],"ix":1},"s":{"a":1,"k":[{"i":{"x":[0.833,0.833,0.833],"y":[0.833,0.833,0.833]},"o":{"x":[0.167,0.167,0.167],"y":[0.167,0.167,0.167]},"t":27,"s":[43,0,100],"e":[43,43,100]},{"t":37}],"ix":6}},"ao":0,"ip":27,"op":207,"st":27,"bm":0},{"ddd":0,"ind":10,"ty":2,"nm":"arrow.png","cl":"png","refId":"image_0","sr":1,"ks":{"o":{"a":0,"k":100,"ix":11},"r":{"a":0,"k":3,"ix":10},"p":{"a":0,"k":[399,752,0],"ix":2},"a":{"a":0,"k":[44.326,189.849,0],"ix":1},"s":{"a":1,"k":[{"i":{"x":[0.833,0.833,0.833],"y":[0.833,0.833,0.833]},"o":{"x":[0.167,0.167,0.167],"y":[0.167,0.167,0.167]},"t":0,"s":[43,0,100],"e":[43,43,100]},{"t":10}],"ix":6}},"ao":0,"ip":0,"op":180,"st":0,"bm":0},{"ddd":0,"ind":11,"ty":2,"nm":"arrow.png","cl":"png","refId":"image_0","sr":1,"ks":{"o":{"a":0,"k":100,"ix":11},"r":{"a":0,"k":23,"ix":10},"p":{"a":0,"k":[665,112,0],"ix":2},"a":{"a":0,"k":[44.326,189.849,0],"ix":1},"s":{"a":1,"k":[{"i":{"x":[0.833,0.833,0.833],"y":[0.833,0.833,0.833]},"o":{"x":[0.167,0.167,0.167],"y":[0.167,0.167,0.167]},"t":42,"s":[43,0,100],"e":[43,43,100]},{"t":52}],"ix":6}},"ao":0,"ip":42,"op":222,"st":42,"bm":0},{"ddd":0,"ind":12,"ty":2,"nm":"arrow.png","cl":"png","refId":"image_0","sr":1,"ks":{"o":{"a":0,"k":100,"ix":11},"r":{"a":0,"k":23,"ix":10},"p":{"a":0,"k":[563,208,0],"ix":2},"a":{"a":0,"k":[44.326,189.849,0],"ix":1},"s":{"a":1,"k":[{"i":{"x":[0.833,0.833,0.833],"y":[0.833,0.833,0.833]},"o":{"x":[0.167,0.167,0.167],"y":[0.167,0.167,0.167]},"t":35,"s":[43,0,100],"e":[43,43,100]},{"t":45}],"ix":6}},"ao":0,"ip":35,"op":215,"st":35,"bm":0},{"ddd":0,"ind":13,"ty":2,"nm":"arrow.png","cl":"png","refId":"image_0","sr":1,"ks":{"o":{"a":0,"k":100,"ix":11},"r":{"a":0,"k":9,"ix":10},"p":{"a":0,"k":[389,442,0],"ix":2},"a":{"a":0,"k":[44.326,189.849,0],"ix":1},"s":{"a":1,"k":[{"i":{"x":[0.833,0.833,0.833],"y":[0.833,0.833,0.833]},"o":{"x":[0.167,0.167,0.167],"y":[0.167,0.167,0.167]},"t":20,"s":[43,0,100],"e":[43,43,100]},{"t":30}],"ix":6}},"ao":0,"ip":20,"op":200,"st":20,"bm":0},{"ddd":0,"ind":14,"ty":2,"nm":"arrow.png","cl":"png","refId":"image_0","sr":1,"ks":{"o":{"a":0,"k":100,"ix":11},"r":{"a":0,"k":-21,"ix":10},"p":{"a":0,"k":[267,232,0],"ix":2},"a":{"a":0,"k":[44.326,189.849,0],"ix":1},"s":{"a":1,"k":[{"i":{"x":[0.833,0.833,0.833],"y":[0.833,0.833,0.833]},"o":{"x":[0.167,0.167,0.167],"y":[0.167,0.167,0.167]},"t":35,"s":[43,0,100],"e":[43,43,100]},{"t":45}],"ix":6}},"ao":0,"ip":35,"op":215,"st":35,"bm":0},{"ddd":0,"ind":15,"ty":2,"nm":"arrow.png","cl":"png","refId":"image_0","sr":1,"ks":{"o":{"a":0,"k":100,"ix":11},"r":{"a":0,"k":3,"ix":10},"p":{"a":0,"k":[349,672,0],"ix":2},"a":{"a":0,"k":[44.326,189.849,0],"ix":1},"s":{"a":1,"k":[{"i":{"x":[0.833,0.833,0.833],"y":[0.833,0.833,0.833]},"o":{"x":[0.167,0.167,0.167],"y":[0.167,0.167,0.167]},"t":6,"s":[43,0,100],"e":[43,43,100]},{"t":16}],"ix":6}},"ao":0,"ip":6,"op":186,"st":6,"bm":0},{"ddd":0,"ind":16,"ty":2,"nm":"arrow.png","cl":"png","refId":"image_0","sr":1,"ks":{"o":{"a":0,"k":100,"ix":11},"r":{"a":0,"k":15,"ix":10},"p":{"a":0,"k":[365,278,0],"ix":2},"a":{"a":0,"k":[44.326,189.849,0],"ix":1},"s":{"a":1,"k":[{"i":{"x":[0.833,0.833,0.833],"y":[0.833,0.833,0.833]},"o":{"x":[0.167,0.167,0.167],"y":[0.167,0.167,0.167]},"t":27,"s":[43,0,100],"e":[43,43,100]},{"t":37}],"ix":6}},"ao":0,"ip":27,"op":207,"st":27,"bm":0},{"ddd":0,"ind":17,"ty":2,"nm":"arrow.png","cl":"png","refId":"image_0","sr":1,"ks":{"o":{"a":0,"k":100,"ix":11},"r":{"a":0,"k":15,"ix":10},"p":{"a":0,"k":[463,294,0],"ix":2},"a":{"a":0,"k":[44.326,189.849,0],"ix":1},"s":{"a":1,"k":[{"i":{"x":[0.833,0.833,0.833],"y":[0.833,0.833,0.833]},"o":{"x":[0.167,0.167,0.167],"y":[0.167,0.167,0.167]},"t":27,"s":[43,0,100],"e":[43,43,100]},{"t":37}],"ix":6}},"ao":0,"ip":27,"op":207,"st":27,"bm":0},{"ddd":0,"ind":18,"ty":2,"nm":"arrow.png","cl":"png","refId":"image_0","sr":1,"ks":{"o":{"a":0,"k":100,"ix":11},"r":{"a":0,"k":3,"ix":10},"p":{"a":0,"k":[329,522,0],"ix":2},"a":{"a":0,"k":[44.326,189.849,0],"ix":1},"s":{"a":1,"k":[{"i":{"x":[0.833,0.833,0.833],"y":[0.833,0.833,0.833]},"o":{"x":[0.167,0.167,0.167],"y":[0.167,0.167,0.167]},"t":20,"s":[43,0,100],"e":[43,43,100]},{"t":30}],"ix":6}},"ao":0,"ip":20,"op":200,"st":20,"bm":0},{"ddd":0,"ind":19,"ty":2,"nm":"arrow.png","cl":"png","refId":"image_0","sr":1,"ks":{"o":{"a":0,"k":100,"ix":11},"r":{"a":0,"k":-23,"ix":10},"p":{"a":0,"k":[247,98,0],"ix":2},"a":{"a":0,"k":[44.326,189.849,0],"ix":1},"s":{"a":1,"k":[{"i":{"x":[0.833,0.833,0.833],"y":[0.833,0.833,0.833]},"o":{"x":[0.167,0.167,0.167],"y":[0.167,0.167,0.167]},"t":42,"s":[43,0,100],"e":[43,43,100]},{"t":52}],"ix":6}},"ao":0,"ip":42,"op":222,"st":42,"bm":0},{"ddd":0,"ind":20,"ty":2,"nm":"arrow.png","cl":"png","refId":"image_0","sr":1,"ks":{"o":{"a":0,"k":100,"ix":11},"r":{"a":0,"k":3,"ix":10},"p":{"a":0,"k":[369,832,0],"ix":2},"a":{"a":0,"k":[44.326,189.849,0],"ix":1},"s":{"a":1,"k":[{"i":{"x":[0.833,0.833,0.833],"y":[0.833,0.833,0.833]},"o":{"x":[0.167,0.167,0.167],"y":[0.167,0.167,0.167]},"t":0,"s":[43,0,100],"e":[43,43,100]},{"t":10}],"ix":6}},"ao":0,"ip":0,"op":180,"st":0,"bm":0}]},{"id":"comp_1","layers":[{"ddd":0,"ind":1,"ty":2,"nm":"3.png","cl":"png","refId":"image_2","sr":1,"ks":{"o":{"a":0,"k":100,"ix":11},"r":{"a":0,"k":0,"ix":10},"p":{"a":0,"k":[82.5,268,0],"ix":2},"a":{"a":0,"k":[82.5,268,0],"ix":1},"s":{"a":0,"k":[100,100,100],"ix":6}},"ao":0,"ip":0,"op":180,"st":0,"bm":0}]}],"layers":[{"ddd":0,"ind":1,"ty":0,"nm":"arrow","refId":"comp_0","sr":1,"ks":{"o":{"a":0,"k":100,"ix":11},"r":{"a":0,"k":0,"ix":10},"p":{"a":0,"k":[540,960,0],"ix":2},"a":{"a":0,"k":[540,960,0],"ix":1},"s":{"a":0,"k":[100,100,100],"ix":6}},"ao":0,"w":1080,"h":1920,"ip":30,"op":81,"st":30,"bm":0},{"ddd":0,"ind":2,"ty":2,"nm":"9.png","cl":"png","refId":"image_1","sr":1,"ks":{"o":{"a":0,"k":100,"ix":11},"r":{"a":0,"k":-20,"ix":10},"p":{"a":1,"k":[{"i":{"x":0.833,"y":0.833},"o":{"x":0.167,"y":0.167},"t":0,"s":[626,1916,0],"e":[660,874,0],"to":[5.667,-173.667,0],"ti":[-5.667,173.667,0]},{"t":72}],"ix":2},"a":{"a":0,"k":[58.5,98,0],"ix":1},"s":{"a":0,"k":[117,117,100],"ix":6}},"ao":0,"ip":0,"op":81,"st":0,"bm":0},{"ddd":0,"ind":3,"ty":0,"nm":"3.png Comp 1","cl":"png","td":1,"refId":"comp_1","sr":1,"ks":{"o":{"a":0,"k":100,"ix":11},"r":{"a":0,"k":0,"ix":10},"p":{"a":0,"k":[534,1832,0],"ix":2},"a":{"a":0,"k":[76.855,444.613,0],"ix":1},"s":{"a":0,"k":[248,237.204,100],"ix":6}},"ao":0,"w":165,"h":536,"ip":0,"op":81,"st":0,"bm":0},{"ddd":0,"ind":4,"ty":4,"nm":"Shape Layer 1","tt":1,"sr":1,"ks":{"o":{"a":0,"k":75,"ix":11},"r":{"a":0,"k":0,"ix":10},"p":{"a":0,"k":[580,1996,0],"ix":2},"a":{"a":0,"k":[40,1036,0],"ix":1},"s":{"a":1,"k":[{"i":{"x":[0.833,0.833,0.833],"y":[0.833,0.833,0.833]},"o":{"x":[0.167,0.167,0.167],"y":[0.167,0.167,0.167]},"t":0,"s":[100,4,100],"e":[100,100,100]},{"t":72}],"ix":6}},"ao":0,"shapes":[{"ty":"gr","it":[{"ty":"rc","d":1,"s":{"a":0,"k":[635.688,1501.031],"ix":2},"p":{"a":0,"k":[0,0],"ix":3},"r":{"a":0,"k":0,"ix":4},"nm":"Rectangle Path 1","mn":"ADBE Vector Shape - Rect","hd":false},{"ty":"fl","c":{"a":0,"k":[0.933332974303,0.196077997544,0.196077997544,1],"ix":4},"o":{"a":0,"k":100,"ix":5},"r":1,"bm":0,"nm":"Fill 1","mn":"ADBE Vector Graphic - Fill","hd":false},{"ty":"tr","p":{"a":0,"k":[13.844,346.516],"ix":2},"a":{"a":0,"k":[0,0],"ix":1},"s":{"a":0,"k":[100,100],"ix":3},"r":{"a":0,"k":0,"ix":6},"o":{"a":0,"k":100,"ix":7},"sk":{"a":0,"k":0,"ix":4},"sa":{"a":0,"k":0,"ix":5},"nm":"Transform"}],"nm":"Rectangle 1","np":3,"cix":2,"bm":0,"ix":1,"mn":"ADBE Vector Group","hd":false}],"ip":0,"op":81,"st":0,"bm":0},{"ddd":0,"ind":5,"ty":0,"nm":"3.png Comp 1","cl":"png","refId":"comp_1","sr":1,"ks":{"o":{"a":0,"k":100,"ix":11},"r":{"a":0,"k":0,"ix":10},"p":{"a":0,"k":[534,1832,0],"ix":2},"a":{"a":0,"k":[76.855,444.613,0],"ix":1},"s":{"a":0,"k":[248,237.204,100],"ix":6}},"ao":0,"w":165,"h":536,"ip":0,"op":180,"st":0,"bm":0},{"ddd":0,"ind":6,"ty":2,"nm":"2.png","cl":"png","refId":"image_3","sr":1,"ks":{"o":{"a":1,"k":[{"i":{"x":[0.833],"y":[0.833]},"o":{"x":[0.167],"y":[0.167]},"t":82,"s":[100],"e":[100]},{"i":{"x":[0.833],"y":[0.833]},"o":{"x":[0.167],"y":[0.167]},"t":167,"s":[100],"e":[0]},{"t":179}],"ix":11},"r":{"a":0,"k":0,"ix":10},"p":{"a":1,"k":[{"i":{"x":0.833,"y":0.833},"o":{"x":0.167,"y":0.167},"t":82,"s":[394.25,397.5,0],"e":[407.5,273.25,0],"to":[-0.167,1.167,0],"ti":[0,2.985,0]},{"t":180}],"ix":2},"a":{"a":0,"k":[241.5,192.5,0],"ix":1},"s":{"a":0,"k":[235,235,100],"ix":6}},"ao":0,"ip":82,"op":244,"st":64,"bm":0},{"ddd":0,"ind":8,"ty":2,"nm":"↠Pinterest_karenmontilla25↞.jpeg","cl":"jpeg","refId":"image_4","sr":1,"ks":{"o":{"a":0,"k":100,"ix":11},"r":{"a":0,"k":0,"ix":10},"p":{"a":0,"k":[566,988,0],"ix":2},"a":{"a":0,"k":[360,447,0],"ix":1},"s":{"a":0,"k":[235,235,100],"ix":6}},"ao":0,"ip":0,"op":180,"st":0,"bm":0}],"markers":[]}