{
  "v": "5.5.9",
  "fr": 30,
  "ip": 0,
  "op": 60,
  "w": 300,
  "h": 300,
  "nm": "boss",
  "ddd": 0,
  "assets": [],
  "layers": [
    {
      "ddd": 0,
      "ind": 1,
      "ty": 4,
      "nm": "BOSS Outlines",
      "sr": 1,
      "ks": {
        "o": {
          "a": 0,
          "k": 100,
          "ix": 11
        },
        "r": {
          "a": 0,
          "k": 0,
          "ix": 10
        },
        "p": {
          "a": 0,
          "k": [
            148.439,
            150.393,
            0
          ],
          "ix": 2
        },
        "a": {
          "a": 0,
          "k": [
            81.439,
            -25.107,
            0
          ],
          "ix": 1
        },
        "s": {
          "a": 0,
          "k": [
            100,
            100,
            100
          ],
          "ix": 6
        }
      },
      "ao": 0,
      "shapes": [
        {
          "ty": "gr",
          "it": [
            {
              "ind": 0,
              "ty": "sh",
              "ix": 1,
              "ks": {
                "a": 0,
                "k": {
                  "i": [
                    [
                      0,
                      0
                    ],
                    [
                      0,
                      5.922
                    ],
                    [
                      0,
                      2.115
                    ],
                    [
                      0,
                      6.647
                    ],
                    [
                      10.695,
                      0
                    ],
                    [
                      0,
                      0
                    ],
                    [
                      0,
                      -29.85
                    ],
                    [
                      -1.511,
                      0
                    ]
                  ],
                  "o": [
                    [
                      9.91,
                      0
                    ],
                    [
                      0,
                      -10.393
                    ],
                    [
                      0,
                      -1.873
                    ],
                    [
                      0,
                      -3.867
                    ],
                    [
                      0,
                      0
                    ],
                    [
                      -1.027,
                      0
                    ],
                    [
                      0,
                      22.659
                    ],
                    [
                      0,
                      0
                    ]
                  ],
                  "v": [
                    [
                      24.532,
                      0
                    ],
                    [
                      38.007,
                      -11.662
                    ],
                    [
                      28.279,
                      -29.064
                    ],
                    [
                      35.167,
                      -41.451
                    ],
                    [
                      22.841,
                      -50.273
                    ],
                    [
                      7.191,
                      -50.273
                    ],
                    [
                      3.021,
                      -21.511
                    ],
                    [
                      6.345,
                      0
                    ]
                  ],
                  "c": true
                },
                "ix": 2
              },
              "nm": "B",
              "mn": "ADBE Vector Shape - Group",
              "hd": false
            },
            {
              "ind": 1,
              "ty": "sh",
              "ix": 2,
              "ks": {
                "a": 0,
                "k": {
                  "i": [
                    [
                      0,
                      0
                    ],
                    [
                      -0.786,
                      0
                    ],
                    [
                      0,
                      -4.29
                    ],
                    [
                      4.351,
                      0
                    ],
                    [
                      0,
                      9.185
                    ],
                    [
                      -1.631,
                      0.906
                    ]
                  ],
                  "o": [
                    [
                      0.665,
                      -0.363
                    ],
                    [
                      1.631,
                      0
                    ],
                    [
                      0,
                      4.713
                    ],
                    [
                      -4.955,
                      0
                    ],
                    [
                      0,
                      -1.994
                    ],
                    [
                      0,
                      0
                    ]
                  ],
                  "v": [
                    [
                      18.732,
                      -23.445
                    ],
                    [
                      21.27,
                      -24.472
                    ],
                    [
                      28.218,
                      -14.139
                    ],
                    [
                      19.457,
                      -7.734
                    ],
                    [
                      12.206,
                      -18.067
                    ],
                    [
                      14.804,
                      -21.33
                    ]
                  ],
                  "c": true
                },
                "ix": 2
              },
              "nm": "B",
              "mn": "ADBE Vector Shape - Group",
              "hd": false
            },
            {
              "ind": 2,
              "ty": "sh",
              "ix": 3,
              "ks": {
                "a": 0,
                "k": {
                  "i": [
                    [
                      0,
                      0
                    ],
                    [
                      0.725,
                      0
                    ],
                    [
                      0,
                      1.208
                    ],
                    [
                      -5.982,
                      0
                    ],
                    [
                      0,
                      -2.9
                    ],
                    [
                      1.752,
                      -1.269
                    ]
                  ],
                  "o": [
                    [
                      -0.967,
                      0.665
                    ],
                    [
                      -1.692,
                      0
                    ],
                    [
                      0,
                      -9.426
                    ],
                    [
                      2.296,
                      0
                    ],
                    [
                      0,
                      2.477
                    ],
                    [
                      0,
                      0
                    ]
                  ],
                  "v": [
                    [
                      16.677,
                      -29.669
                    ],
                    [
                      13.414,
                      -28.339
                    ],
                    [
                      11.843,
                      -31.119
                    ],
                    [
                      20.544,
                      -43.143
                    ],
                    [
                      25.378,
                      -39.518
                    ],
                    [
                      21.088,
                      -32.811
                    ]
                  ],
                  "c": true
                },
                "ix": 2
              },
              "nm": "B",
              "mn": "ADBE Vector Shape - Group",
              "hd": false
            },
            {
              "ty": "mm",
              "mm": 1,
              "nm": "Merge Paths 1",
              "mn": "ADBE Vector Filter - Merge",
              "hd": false
            },
            {
              "ty": "fl",
              "c": {
                "a": 1,
                "k": [
                  {
                    "i": {
                      "x": [
                        0.667
                      ],
                      "y": [
                        1
                      ]
                    },
                    "o": {
                      "x": [
                        0.333
                      ],
                      "y": [
                        0
                      ]
                    },
                    "t": 0,
                    "s": [
                      0.999770224094,
                      0.197534278035,
                      0.197534278035,
                      1
                    ]
                  },
                  {
                    "i": {
                      "x": [
                        0.667
                      ],
                      "y": [
                        1
                      ]
                    },
                    "o": {
                      "x": [
                        0.333
                      ],
                      "y": [
                        0
                      ]
                    },
                    "t": 10,
                    "s": [
                      0.883858799934,
                      0.197534278035,
                      0.999770224094,
                      1
                    ]
                  },
                  {
                    "i": {
                      "x": [
                        0.667
                      ],
                      "y": [
                        1
                      ]
                    },
                    "o": {
                      "x": [
                        0.333
                      ],
                      "y": [
                        0
                      ]
                    },
                    "t": 20,
                    "s": [
                      0.197534278035,
                      0.999770224094,
                      0.725328981876,
                      1
                    ]
                  },
                  {
                    "i": {
                      "x": [
                        0.667
                      ],
                      "y": [
                        1
                      ]
                    },
                    "o": {
                      "x": [
                        0.333
                      ],
                      "y": [
                        0
                      ]
                    },
                    "t": 29,
                    "s": [
                      0.999770224094,
                      0.807469546795,
                      0.197534278035,
                      1
                    ]
                  },
                  {
                    "i": {
                      "x": [
                        0.667
                      ],
                      "y": [
                        1
                      ]
                    },
                    "o": {
                      "x": [
                        0.333
                      ],
                      "y": [
                        0
                      ]
                    },
                    "t": 39,
                    "s": [
                      0.999770224094,
                      0.197534278035,
                      0.197534278035,
                      1
                    ]
                  },
                  {
                    "i": {
                      "x": [
                        0.667
                      ],
                      "y": [
                        1
                      ]
                    },
                    "o": {
                      "x": [
                        0.333
                      ],
                      "y": [
                        0
                      ]
                    },
                    "t": 49,
                    "s": [
                      0.883858799934,
                      0.197534278035,
                      0.999770224094,
                      1
                    ]
                  },
                  {
                    "i": {
                      "x": [
                        0.833
                      ],
                      "y": [
                        0.797
                      ]
                    },
                    "o": {
                      "x": [
                        0.333
                      ],
                      "y": [
                        0
                      ]
                    },
                    "t": 59,
                    "s": [
                      0.197534278035,
                      0.999770224094,
                      0.725328981876,
                      1
                    ]
                  },
                  {
                    "t": 68,
                    "s": [
                      0.999770224094,
                      0.807469546795,
                      0.197534278035,
                      1
                    ]
                  }
                ],
                "ix": 4
              },
              "o": {
                "a": 0,
                "k": 100,
                "ix": 5
              },
              "r": 1,
              "bm": 0,
              "nm": "Fill 1",
              "mn": "ADBE Vector Graphic - Fill",
              "hd": false
            },
            {
              "ty": "tr",
              "p": {
                "a": 1,
                "k": [
                  {
                    "i": {
                      "x": 0.667,
                      "y": 1
                    },
                    "o": {
                      "x": 0.333,
                      "y": 0
                    },
                    "t": 0,
                    "s": [
                      0,
                      0
                    ],
                    "to": [
                      0,
                      -0.5
                    ],
                    "ti": [
                      0,
                      0
                    ]
                  },
                  {
                    "i": {
                      "x": 0.667,
                      "y": 1
                    },
                    "o": {
                      "x": 0.333,
                      "y": 0
                    },
                    "t": 7.429,
                    "s": [
                      0,
                      -3
                    ],
                    "to": [
                      0,
                      0
                    ],
                    "ti": [
                      0,
                      0
                    ]
                  },
                  {
                    "i": {
                      "x": 0.667,
                      "y": 1
                    },
                    "o": {
                      "x": 0.333,
                      "y": 0
                    },
                    "t": 14.857,
                    "s": [
                      0,
                      0
                    ],
                    "to": [
                      0,
                      0
                    ],
                    "ti": [
                      0,
                      0
                    ]
                  },
                  {
                    "i": {
                      "x": 0.667,
                      "y": 1
                    },
                    "o": {
                      "x": 0.333,
                      "y": 0
                    },
                    "t": 22.286,
                    "s": [
                      0,
                      -3
                    ],
                    "to": [
                      0,
                      0
                    ],
                    "ti": [
                      0,
                      0
                    ]
                  },
                  {
                    "i": {
                      "x": 0.667,
                      "y": 1
                    },
                    "o": {
                      "x": 0.333,
                      "y": 0
                    },
                    "t": 29.714,
                    "s": [
                      0,
                      0
                    ],
                    "to": [
                      0,
                      0
                    ],
                    "ti": [
                      0,
                      0
                    ]
                  },
                  {
                    "i": {
                      "x": 0.667,
                      "y": 1
                    },
                    "o": {
                      "x": 0.333,
                      "y": 0
                    },
                    "t": 37.143,
                    "s": [
                      0,
                      -3
                    ],
                    "to": [
                      0,
                      0
                    ],
                    "ti": [
                      0,
                      0
                    ]
                  },
                  {
                    "i": {
                      "x": 0.667,
                      "y": 1
                    },
                    "o": {
                      "x": 0.333,
                      "y": 0
                    },
                    "t": 44.571,
                    "s": [
                      0,
                      0
                    ],
                    "to": [
                      0,
                      0
                    ],
                    "ti": [
                      0,
                      0
                    ]
                  },
                  {
                    "i": {
                      "x": 0.667,
                      "y": 1
                    },
                    "o": {
                      "x": 0.333,
                      "y": 0
                    },
                    "t": 52,
                    "s": [
                      0,
                      -3
                    ],
                    "to": [
                      0,
                      0
                    ],
                    "ti": [
                      0,
                      -0.5
                    ]
                  },
                  {
                    "t": 59,
                    "s": [
                      0,
                      0
                    ]
                  }
                ],
                "ix": 2
              },
              "a": {
                "a": 0,
                "k": [
                  0,
                  0
                ],
                "ix": 1
              },
              "s": {
                "a": 0,
                "k": [
                  100,
                  100
                ],
                "ix": 3
              },
              "r": {
                "a": 0,
                "k": 0,
                "ix": 6
              },
              "o": {
                "a": 0,
                "k": 100,
                "ix": 7
              },
              "sk": {
                "a": 0,
                "k": 0,
                "ix": 4
              },
              "sa": {
                "a": 0,
                "k": 0,
                "ix": 5
              },
              "nm": "Transform"
            }
          ],
          "nm": "B",
          "np": 6,
          "cix": 2,
          "bm": 0,
          "ix": 1,
          "mn": "ADBE Vector Group",
          "hd": false
        },
        {
          "ty": "gr",
          "it": [
            {
              "ind": 0,
              "ty": "sh",
              "ix": 1,
              "ks": {
                "a": 0,
                "k": {
                  "i": [
                    [
                      0,
                      0
                    ],
                    [
                      0,
                      10.453
                    ],
                    [
                      11.299,
                      0
                    ],
                    [
                      0,
                      -15.529
                    ],
                    [
                      -12.206,
                      0
                    ]
                  ],
                  "o": [
                    [
                      12.206,
                      0
                    ],
                    [
                      0,
                      -15.529
                    ],
                    [
                      -11.299,
                      0
                    ],
                    [
                      0,
                      10.453
                    ],
                    [
                      0,
                      0
                    ]
                  ],
                  "v": [
                    [
                      65.871,
                      0.906
                    ],
                    [
                      82.851,
                      -18.309
                    ],
                    [
                      62.85,
                      -51.18
                    ],
                    [
                      42.849,
                      -18.309
                    ],
                    [
                      59.829,
                      0.906
                    ]
                  ],
                  "c": true
                },
                "ix": 2
              },
              "nm": "O",
              "mn": "ADBE Vector Shape - Group",
              "hd": false
            },
            {
              "ind": 1,
              "ty": "sh",
              "ix": 2,
              "ks": {
                "a": 0,
                "k": {
                  "i": [
                    [
                      6.405,
                      0
                    ],
                    [
                      0,
                      7.07
                    ],
                    [
                      -4.048,
                      0
                    ],
                    [
                      0,
                      -13.354
                    ]
                  ],
                  "o": [
                    [
                      -6.405,
                      0
                    ],
                    [
                      0,
                      -13.354
                    ],
                    [
                      4.048,
                      0
                    ],
                    [
                      0,
                      7.07
                    ]
                  ],
                  "v": [
                    [
                      62.85,
                      -9.849
                    ],
                    [
                      52.638,
                      -19.638
                    ],
                    [
                      62.85,
                      -41.391
                    ],
                    [
                      73.062,
                      -19.638
                    ]
                  ],
                  "c": true
                },
                "ix": 2
              },
              "nm": "O",
              "mn": "ADBE Vector Shape - Group",
              "hd": false
            },
            {
              "ty": "mm",
              "mm": 1,
              "nm": "Merge Paths 1",
              "mn": "ADBE Vector Filter - Merge",
              "hd": false
            },
            {
              "ty": "fl",
              "c": {
                "a": 1,
                "k": [
                  {
                    "i": {
                      "x": [
                        0.667
                      ],
                      "y": [
                        1
                      ]
                    },
                    "o": {
                      "x": [
                        0.333
                      ],
                      "y": [
                        0
                      ]
                    },
                    "t": 0,
                    "s": [
                      0.883858799934,
                      0.197534278035,
                      0.999770224094,
                      1
                    ]
                  },
                  {
                    "i": {
                      "x": [
                        0.667
                      ],
                      "y": [
                        1
                      ]
                    },
                    "o": {
                      "x": [
                        0.333
                      ],
                      "y": [
                        0
                      ]
                    },
                    "t": 10,
                    "s": [
                      0.197534278035,
                      0.999770224094,
                      0.725328981876,
                      1
                    ]
                  },
                  {
                    "i": {
                      "x": [
                        0.667
                      ],
                      "y": [
                        1
                      ]
                    },
                    "o": {
                      "x": [
                        0.333
                      ],
                      "y": [
                        0
                      ]
                    },
                    "t": 20,
                    "s": [
                      0.999770224094,
                      0.807469546795,
                      0.197534278035,
                      1
                    ]
                  },
                  {
                    "i": {
                      "x": [
                        0.667
                      ],
                      "y": [
                        1
                      ]
                    },
                    "o": {
                      "x": [
                        0.333
                      ],
                      "y": [
                        0
                      ]
                    },
                    "t": 29,
                    "s": [
                      0.999770224094,
                      0.197534278035,
                      0.197534278035,
                      1
                    ]
                  },
                  {
                    "i": {
                      "x": [
                        0.667
                      ],
                      "y": [
                        1
                      ]
                    },
                    "o": {
                      "x": [
                        0.333
                      ],
                      "y": [
                        0
                      ]
                    },
                    "t": 39,
                    "s": [
                      0.883858799934,
                      0.197534278035,
                      0.999770224094,
                      1
                    ]
                  },
                  {
                    "i": {
                      "x": [
                        0.667
                      ],
                      "y": [
                        1
                      ]
                    },
                    "o": {
                      "x": [
                        0.333
                      ],
                      "y": [
                        0
                      ]
                    },
                    "t": 49,
                    "s": [
                      0.197534278035,
                      0.999770224094,
                      0.725328981876,
                      1
                    ]
                  },
                  {
                    "t": 59,
                    "s": [
                      0.999770224094,
                      0.807469546795,
                      0.197534278035,
                      1
                    ]
                  }
                ],
                "ix": 4
              },
              "o": {
                "a": 0,
                "k": 100,
                "ix": 5
              },
              "r": 1,
              "bm": 0,
              "nm": "Fill 1",
              "mn": "ADBE Vector Graphic - Fill",
              "hd": false
            },
            {
              "ty": "tr",
              "p": {
                "a": 1,
                "k": [
                  {
                    "i": {
                      "x": 0.667,
                      "y": 1
                    },
                    "o": {
                      "x": 0.333,
                      "y": 0
                    },
                    "t": 0,
                    "s": [
                      0,
                      -3
                    ],
                    "to": [
                      0,
                      0.5
                    ],
                    "ti": [
                      0,
                      0
                    ]
                  },
                  {
                    "i": {
                      "x": 0.667,
                      "y": 1
                    },
                    "o": {
                      "x": 0.333,
                      "y": 0
                    },
                    "t": 7.429,
                    "s": [
                      0,
                      0
                    ],
                    "to": [
                      0,
                      0
                    ],
                    "ti": [
                      0,
                      0
                    ]
                  },
                  {
                    "i": {
                      "x": 0.667,
                      "y": 1
                    },
                    "o": {
                      "x": 0.333,
                      "y": 0
                    },
                    "t": 14.857,
                    "s": [
                      0,
                      -3
                    ],
                    "to": [
                      0,
                      0
                    ],
                    "ti": [
                      0,
                      0
                    ]
                  },
                  {
                    "i": {
                      "x": 0.667,
                      "y": 1
                    },
                    "o": {
                      "x": 0.333,
                      "y": 0
                    },
                    "t": 22.285,
                    "s": [
                      0,
                      0
                    ],
                    "to": [
                      0,
                      0
                    ],
                    "ti": [
                      0,
                      0
                    ]
                  },
                  {
                    "i": {
                      "x": 0.667,
                      "y": 1
                    },
                    "o": {
                      "x": 0.333,
                      "y": 0
                    },
                    "t": 29.714,
                    "s": [
                      0,
                      -3
                    ],
                    "to": [
                      0,
                      0
                    ],
                    "ti": [
                      0,
                      0
                    ]
                  },
                  {
                    "i": {
                      "x": 0.667,
                      "y": 1
                    },
                    "o": {
                      "x": 0.333,
                      "y": 0
                    },
                    "t": 37.143,
                    "s": [
                      0,
                      0
                    ],
                    "to": [
                      0,
                      0
                    ],
                    "ti": [
                      0,
                      0
                    ]
                  },
                  {
                    "i": {
                      "x": 0.667,
                      "y": 1
                    },
                    "o": {
                      "x": 0.333,
                      "y": 0
                    },
                    "t": 44.571,
                    "s": [
                      0,
                      -3
                    ],
                    "to": [
                      0,
                      0
                    ],
                    "ti": [
                      0,
                      0
                    ]
                  },
                  {
                    "i": {
                      "x": 0.833,
                      "y": 1
                    },
                    "o": {
                      "x": 0.167,
                      "y": 0
                    },
                    "t": 51.571,
                    "s": [
                      0,
                      0
                    ],
                    "to": [
                      0,
                      0
                    ],
                    "ti": [
                      0,
                      0.5
                    ]
                  },
                  {
                    "t": 59,
                    "s": [
                      0,
                      -3
                    ]
                  }
                ],
                "ix": 2
              },
              "a": {
                "a": 0,
                "k": [
                  0,
                  0
                ],
                "ix": 1
              },
              "s": {
                "a": 0,
                "k": [
                  100,
                  100
                ],
                "ix": 3
              },
              "r": {
                "a": 0,
                "k": 0,
                "ix": 6
              },
              "o": {
                "a": 0,
                "k": 100,
                "ix": 7
              },
              "sk": {
                "a": 0,
                "k": 0,
                "ix": 4
              },
              "sa": {
                "a": 0,
                "k": 0,
                "ix": 5
              },
              "nm": "Transform"
            }
          ],
          "nm": "O",
          "np": 5,
          "cix": 2,
          "bm": 0,
          "ix": 2,
          "mn": "ADBE Vector Group",
          "hd": false
        },
        {
          "ty": "gr",
          "it": [
            {
              "ind": 0,
              "ty": "sh",
              "ix": 1,
              "ks": {
                "a": 0,
                "k": {
                  "i": [
                    [
                      -1.511,
                      0
                    ],
                    [
                      0,
                      1.692
                    ],
                    [
                      8.762,
                      0
                    ],
                    [
                      0,
                      -5.076
                    ],
                    [
                      -13.233,
                      -4.109
                    ],
                    [
                      0,
                      -4.411
                    ],
                    [
                      4.592,
                      0
                    ],
                    [
                      1.027,
                      0
                    ],
                    [
                      0,
                      -5.136
                    ],
                    [
                      -8.58,
                      0
                    ],
                    [
                      0,
                      7.009
                    ],
                    [
                      12.689,
                      4.23
                    ],
                    [
                      0,
                      4.351
                    ],
                    [
                      -3.021,
                      0
                    ]
                  ],
                  "o": [
                    [
                      1.692,
                      0
                    ],
                    [
                      0,
                      -1.752
                    ],
                    [
                      -12.266,
                      0
                    ],
                    [
                      0,
                      5.136
                    ],
                    [
                      3.505,
                      1.088
                    ],
                    [
                      0,
                      3.746
                    ],
                    [
                      -12.991,
                      0
                    ],
                    [
                      -0.604,
                      0
                    ],
                    [
                      0,
                      9.608
                    ],
                    [
                      12.75,
                      0
                    ],
                    [
                      0,
                      -5.74
                    ],
                    [
                      -3.323,
                      -1.148
                    ],
                    [
                      0,
                      -3.505
                    ],
                    [
                      6.284,
                      0
                    ]
                  ],
                  "v": [
                    [
                      115.165,
                      -37.584
                    ],
                    [
                      119.999,
                      -44.775
                    ],
                    [
                      105.014,
                      -51.18
                    ],
                    [
                      89.303,
                      -37.463
                    ],
                    [
                      103.987,
                      -22.236
                    ],
                    [
                      112.929,
                      -14.925
                    ],
                    [
                      104.349,
                      -9.185
                    ],
                    [
                      91.358,
                      -21.451
                    ],
                    [
                      87.672,
                      -13.293
                    ],
                    [
                      104.953,
                      0.906
                    ],
                    [
                      122.718,
                      -14.744
                    ],
                    [
                      107.431,
                      -30.817
                    ],
                    [
                      98.125,
                      -38.007
                    ],
                    [
                      105.014,
                      -43.022
                    ]
                  ],
                  "c": true
                },
                "ix": 2
              },
              "nm": "S",
              "mn": "ADBE Vector Shape - Group",
              "hd": false
            },
            {
              "ty": "fl",
              "c": {
                "a": 1,
                "k": [
                  {
                    "i": {
                      "x": [
                        0.667
                      ],
                      "y": [
                        1
                      ]
                    },
                    "o": {
                      "x": [
                        0.333
                      ],
                      "y": [
                        0
                      ]
                    },
                    "t": 0,
                    "s": [
                      0.197534278035,
                      0.999770224094,
                      0.725328981876,
                      1
                    ]
                  },
                  {
                    "i": {
                      "x": [
                        0.667
                      ],
                      "y": [
                        1
                      ]
                    },
                    "o": {
                      "x": [
                        0.333
                      ],
                      "y": [
                        0
                      ]
                    },
                    "t": 10,
                    "s": [
                      0.999770224094,
                      0.807469546795,
                      0.197534278035,
                      1
                    ]
                  },
                  {
                    "i": {
                      "x": [
                        0.667
                      ],
                      "y": [
                        1
                      ]
                    },
                    "o": {
                      "x": [
                        0.333
                      ],
                      "y": [
                        0
                      ]
                    },
                    "t": 20,
                    "s": [
                      0.999770224094,
                      0.197534278035,
                      0.197534278035,
                      1
                    ]
                  },
                  {
                    "i": {
                      "x": [
                        0.667
                      ],
                      "y": [
                        1
                      ]
                    },
                    "o": {
                      "x": [
                        0.333
                      ],
                      "y": [
                        0
                      ]
                    },
                    "t": 29,
                    "s": [
                      0.883858799934,
                      0.197534278035,
                      0.999770224094,
                      1
                    ]
                  },
                  {
                    "i": {
                      "x": [
                        0.667
                      ],
                      "y": [
                        1
                      ]
                    },
                    "o": {
                      "x": [
                        0.333
                      ],
                      "y": [
                        0
                      ]
                    },
                    "t": 39,
                    "s": [
                      0.197534278035,
                      0.999770224094,
                      0.725328981876,
                      1
                    ]
                  },
                  {
                    "i": {
                      "x": [
                        0.667
                      ],
                      "y": [
                        1
                      ]
                    },
                    "o": {
                      "x": [
                        0.333
                      ],
                      "y": [
                        0
                      ]
                    },
                    "t": 49,
                    "s": [
                      0.999770224094,
                      0.807469546795,
                      0.197534278035,
                      1
                    ]
                  },
                  {
                    "t": 59,
                    "s": [
                      0.999770224094,
                      0.197534278035,
                      0.197534278035,
                      1
                    ]
                  }
                ],
                "ix": 4
              },
              "o": {
                "a": 0,
                "k": 100,
                "ix": 5
              },
              "r": 1,
              "bm": 0,
              "nm": "Fill 1",
              "mn": "ADBE Vector Graphic - Fill",
              "hd": false
            },
            {
              "ty": "tr",
              "p": {
                "a": 1,
                "k": [
                  {
                    "i": {
                      "x": 0.667,
                      "y": 1
                    },
                    "o": {
                      "x": 0.333,
                      "y": 0
                    },
                    "t": 0,
                    "s": [
                      0,
                      0
                    ],
                    "to": [
                      0,
                      -0.5
                    ],
                    "ti": [
                      0,
                      0
                    ]
                  },
                  {
                    "i": {
                      "x": 0.667,
                      "y": 1
                    },
                    "o": {
                      "x": 0.333,
                      "y": 0
                    },
                    "t": 7.429,
                    "s": [
                      0,
                      -3
                    ],
                    "to": [
                      0,
                      0
                    ],
                    "ti": [
                      0,
                      0
                    ]
                  },
                  {
                    "i": {
                      "x": 0.667,
                      "y": 1
                    },
                    "o": {
                      "x": 0.333,
                      "y": 0
                    },
                    "t": 14.857,
                    "s": [
                      0,
                      0
                    ],
                    "to": [
                      0,
                      0
                    ],
                    "ti": [
                      0,
                      0
                    ]
                  },
                  {
                    "i": {
                      "x": 0.667,
                      "y": 1
                    },
                    "o": {
                      "x": 0.333,
                      "y": 0
                    },
                    "t": 22.286,
                    "s": [
                      0,
                      -3
                    ],
                    "to": [
                      0,
                      0
                    ],
                    "ti": [
                      0,
                      0
                    ]
                  },
                  {
                    "i": {
                      "x": 0.667,
                      "y": 1
                    },
                    "o": {
                      "x": 0.333,
                      "y": 0
                    },
                    "t": 29.714,
                    "s": [
                      0,
                      0
                    ],
                    "to": [
                      0,
                      0
                    ],
                    "ti": [
                      0,
                      0
                    ]
                  },
                  {
                    "i": {
                      "x": 0.667,
                      "y": 1
                    },
                    "o": {
                      "x": 0.333,
                      "y": 0
                    },
                    "t": 37.143,
                    "s": [
                      0,
                      -3
                    ],
                    "to": [
                      0,
                      0
                    ],
                    "ti": [
                      0,
                      0
                    ]
                  },
                  {
                    "i": {
                      "x": 0.667,
                      "y": 1
                    },
                    "o": {
                      "x": 0.333,
                      "y": 0
                    },
                    "t": 44.571,
                    "s": [
                      0,
                      0
                    ],
                    "to": [
                      0,
                      0
                    ],
                    "ti": [
                      0,
                      0
                    ]
                  },
                  {
                    "i": {
                      "x": 0.667,
                      "y": 1
                    },
                    "o": {
                      "x": 0.333,
                      "y": 0
                    },
                    "t": 52,
                    "s": [
                      0,
                      -3
                    ],
                    "to": [
                      0,
                      0
                    ],
                    "ti": [
                      0,
                      -0.5
                    ]
                  },
                  {
                    "t": 59,
                    "s": [
                      0,
                      0
                    ]
                  }
                ],
                "ix": 2
              },
              "a": {
                "a": 0,
                "k": [
                  0,
                  0
                ],
                "ix": 1
              },
              "s": {
                "a": 0,
                "k": [
                  100,
                  100
                ],
                "ix": 3
              },
              "r": {
                "a": 0,
                "k": 0,
                "ix": 6
              },
              "o": {
                "a": 0,
                "k": 100,
                "ix": 7
              },
              "sk": {
                "a": 0,
                "k": 0,
                "ix": 4
              },
              "sa": {
                "a": 0,
                "k": 0,
                "ix": 5
              },
              "nm": "Transform"
            }
          ],
          "nm": "S",
          "np": 3,
          "cix": 2,
          "bm": 0,
          "ix": 3,
          "mn": "ADBE Vector Group",
          "hd": false
        },
        {
          "ty": "gr",
          "it": [
            {
              "ind": 0,
              "ty": "sh",
              "ix": 1,
              "ks": {
                "a": 0,
                "k": {
                  "i": [
                    [
                      -1.511,
                      0
                    ],
                    [
                      0,
                      1.692
                    ],
                    [
                      8.762,
                      0
                    ],
                    [
                      0,
                      -5.076
                    ],
                    [
                      -13.233,
                      -4.109
                    ],
                    [
                      0,
                      -4.411
                    ],
                    [
                      4.592,
                      0
                    ],
                    [
                      1.027,
                      0
                    ],
                    [
                      0,
                      -5.136
                    ],
                    [
                      -8.58,
                      0
                    ],
                    [
                      0,
                      7.009
                    ],
                    [
                      12.689,
                      4.23
                    ],
                    [
                      0,
                      4.351
                    ],
                    [
                      -3.021,
                      0
                    ]
                  ],
                  "o": [
                    [
                      1.692,
                      0
                    ],
                    [
                      0,
                      -1.752
                    ],
                    [
                      -12.266,
                      0
                    ],
                    [
                      0,
                      5.136
                    ],
                    [
                      3.505,
                      1.088
                    ],
                    [
                      0,
                      3.746
                    ],
                    [
                      -12.991,
                      0
                    ],
                    [
                      -0.604,
                      0
                    ],
                    [
                      0,
                      9.608
                    ],
                    [
                      12.75,
                      0
                    ],
                    [
                      0,
                      -5.74
                    ],
                    [
                      -3.323,
                      -1.148
                    ],
                    [
                      0,
                      -3.505
                    ],
                    [
                      6.284,
                      0
                    ]
                  ],
                  "v": [
                    [
                      155.544,
                      -37.584
                    ],
                    [
                      160.378,
                      -44.775
                    ],
                    [
                      145.393,
                      -51.18
                    ],
                    [
                      129.683,
                      -37.463
                    ],
                    [
                      144.366,
                      -22.236
                    ],
                    [
                      153.309,
                      -14.925
                    ],
                    [
                      144.728,
                      -9.185
                    ],
                    [
                      131.737,
                      -21.451
                    ],
                    [
                      128.051,
                      -13.293
                    ],
                    [
                      145.333,
                      0.906
                    ],
                    [
                      163.098,
                      -14.744
                    ],
                    [
                      147.81,
                      -30.817
                    ],
                    [
                      138.505,
                      -38.007
                    ],
                    [
                      145.393,
                      -43.022
                    ]
                  ],
                  "c": true
                },
                "ix": 2
              },
              "nm": "S",
              "mn": "ADBE Vector Shape - Group",
              "hd": false
            },
            {
              "ty": "fl",
              "c": {
                "a": 1,
                "k": [
                  {
                    "i": {
                      "x": [
                        0.667
                      ],
                      "y": [
                        1
                      ]
                    },
                    "o": {
                      "x": [
                        0.333
                      ],
                      "y": [
                        0
                      ]
                    },
                    "t": 0,
                    "s": [
                      0.999770224094,
                      0.807469546795,
                      0.197534278035,
                      1
                    ]
                  },
                  {
                    "i": {
                      "x": [
                        0.667
                      ],
                      "y": [
                        1
                      ]
                    },
                    "o": {
                      "x": [
                        0.333
                      ],
                      "y": [
                        0
                      ]
                    },
                    "t": 10,
                    "s": [
                      0.999770224094,
                      0.197534278035,
                      0.197534278035,
                      1
                    ]
                  },
                  {
                    "i": {
                      "x": [
                        0.667
                      ],
                      "y": [
                        1
                      ]
                    },
                    "o": {
                      "x": [
                        0.333
                      ],
                      "y": [
                        0
                      ]
                    },
                    "t": 20,
                    "s": [
                      0.883858799934,
                      0.197534278035,
                      0.999770224094,
                      1
                    ]
                  },
                  {
                    "i": {
                      "x": [
                        0.667
                      ],
                      "y": [
                        1
                      ]
                    },
                    "o": {
                      "x": [
                        0.333
                      ],
                      "y": [
                        0
                      ]
                    },
                    "t": 29,
                    "s": [
                      0.197534278035,
                      0.999770224094,
                      0.725328981876,
                      1
                    ]
                  },
                  {
                    "i": {
                      "x": [
                        0.667
                      ],
                      "y": [
                        1
                      ]
                    },
                    "o": {
                      "x": [
                        0.333
                      ],
                      "y": [
                        0
                      ]
                    },
                    "t": 39,
                    "s": [
                      0.999770224094,
                      0.807469546795,
                      0.197534278035,
                      1
                    ]
                  },
                  {
                    "i": {
                      "x": [
                        0.667
                      ],
                      "y": [
                        1
                      ]
                    },
                    "o": {
                      "x": [
                        0.333
                      ],
                      "y": [
                        0
                      ]
                    },
                    "t": 49,
                    "s": [
                      0.999770224094,
                      0.197534278035,
                      0.197534278035,
                      1
                    ]
                  },
                  {
                    "t": 59,
                    "s": [
                      0.883858799934,
                      0.197534278035,
                      0.999770224094,
                      1
                    ]
                  }
                ],
                "ix": 4
              },
              "o": {
                "a": 0,
                "k": 100,
                "ix": 5
              },
              "r": 1,
              "bm": 0,
              "nm": "Fill 1",
              "mn": "ADBE Vector Graphic - Fill",
              "hd": false
            },
            {
              "ty": "tr",
              "p": {
                "a": 1,
                "k": [
                  {
                    "i": {
                      "x": 0.667,
                      "y": 1
                    },
                    "o": {
                      "x": 0.333,
                      "y": 0
                    },
                    "t": 0,
                    "s": [
                      0,
                      -3
                    ],
                    "to": [
                      0,
                      0.5
                    ],
                    "ti": [
                      0,
                      0
                    ]
                  },
                  {
                    "i": {
                      "x": 0.667,
                      "y": 1
                    },
                    "o": {
                      "x": 0.333,
                      "y": 0
                    },
                    "t": 7.429,
                    "s": [
                      0,
                      0
                    ],
                    "to": [
                      0,
                      0
                    ],
                    "ti": [
                      0,
                      0
                    ]
                  },
                  {
                    "i": {
                      "x": 0.667,
                      "y": 1
                    },
                    "o": {
                      "x": 0.333,
                      "y": 0
                    },
                    "t": 14.857,
                    "s": [
                      0,
                      -3
                    ],
                    "to": [
                      0,
                      0
                    ],
                    "ti": [
                      0,
                      0
                    ]
                  },
                  {
                    "i": {
                      "x": 0.667,
                      "y": 1
                    },
                    "o": {
                      "x": 0.333,
                      "y": 0
                    },
                    "t": 22.285,
                    "s": [
                      0,
                      0
                    ],
                    "to": [
                      0,
                      0
                    ],
                    "ti": [
                      0,
                      0
                    ]
                  },
                  {
                    "i": {
                      "x": 0.667,
                      "y": 1
                    },
                    "o": {
                      "x": 0.333,
                      "y": 0
                    },
                    "t": 29.714,
                    "s": [
                      0,
                      -3
                    ],
                    "to": [
                      0,
                      0
                    ],
                    "ti": [
                      0,
                      0
                    ]
                  },
                  {
                    "i": {
                      "x": 0.667,
                      "y": 1
                    },
                    "o": {
                      "x": 0.333,
                      "y": 0
                    },
                    "t": 37.143,
                    "s": [
                      0,
                      0
                    ],
                    "to": [
                      0,
                      0
                    ],
                    "ti": [
                      0,
                      0
                    ]
                  },
                  {
                    "i": {
                      "x": 0.667,
                      "y": 1
                    },
                    "o": {
                      "x": 0.333,
                      "y": 0
                    },
                    "t": 44.571,
                    "s": [
                      0,
                      -3
                    ],
                    "to": [
                      0,
                      0
                    ],
                    "ti": [
                      0,
                      0
                    ]
                  },
                  {
                    "i": {
                      "x": 0.833,
                      "y": 1
                    },
                    "o": {
                      "x": 0.167,
                      "y": 0
                    },
                    "t": 51.571,
                    "s": [
                      0,
                      0
                    ],
                    "to": [
                      0,
                      0
                    ],
                    "ti": [
                      0,
                      0.5
                    ]
                  },
                  {
                    "t": 59,
                    "s": [
                      0,
                      -3
                    ]
                  }
                ],
                "ix": 2
              },
              "a": {
                "a": 0,
                "k": [
                  0,
                  0
                ],
                "ix": 1
              },
              "s": {
                "a": 0,
                "k": [
                  100,
                  100
                ],
                "ix": 3
              },
              "r": {
                "a": 0,
                "k": 0,
                "ix": 6
              },
              "o": {
                "a": 0,
                "k": 100,
                "ix": 7
              },
              "sk": {
                "a": 0,
                "k": 0,
                "ix": 4
              },
              "sa": {
                "a": 0,
                "k": 0,
                "ix": 5
              },
              "nm": "Transform"
            }
          ],
          "nm": "S",
          "np": 3,
          "cix": 2,
          "bm": 0,
          "ix": 4,
          "mn": "ADBE Vector Group",
          "hd": false
        }
      ],
      "ip": 0,
      "op": 60,
      "st": 0,
      "bm": 0
    }
  ],
  "markers": []
}