{
  "v": "5.5.9",
  "fr": 30,
  "ip": 0,
  "op": 60,
  "w": 300,
  "h": 300,
  "nm": "crown",
  "ddd": 0,
  "assets": [
    {
      "id": "image_0",
      "w": 85,
      "h": 84,
      "u": "sticker25/",
      "p": "img_0.png",
      "e": 0
    },
    {
      "id": "image_1",
      "w": 493,
      "h": 293,
      "u": "sticker25/",
      "p": "img_1.png",
      "e": 0
    },
    {
      "id": "comp_0",
      "layers": [
        {
          "ddd": 0,
          "ind": 1,
          "ty": 2,
          "nm": "star.png",
          "cl": "png",
          "refId": "image_0",
          "sr": 1,
          "ks": {
            "o": {
              "a": 0,
              "k": 100,
              "ix": 11
            },
            "r": {
              "a": 1,
              "k": [
                {
                  "i": {
                    "x": [
                      0.833
                    ],
                    "y": [
                      0.833
                    ]
                  },
                  "o": {
                    "x": [
                      0.167
                    ],
                    "y": [
                      0.167
                    ]
                  },
                  "t": 37,
                  "s": [
                    0
                  ]
                },
                {
                  "t": 48,
                  "s": [
                    127
                  ]
                }
              ],
              "ix": 10
            },
            "p": {
              "a": 0,
              "k": [
                273.75,
                195.75,
                0
              ],
              "ix": 2
            },
            "a": {
              "a": 0,
              "k": [
                42.5,
                42,
                0
              ],
              "ix": 1
            },
            "s": {
              "a": 1,
              "k": [
                {
                  "i": {
                    "x": [
                      0.833,
                      0.833,
                      0.833
                    ],
                    "y": [
                      0.833,
                      0.833,
                      0.833
                    ]
                  },
                  "o": {
                    "x": [
                      0.167,
                      0.167,
                      0.167
                    ],
                    "y": [
                      0.167,
                      0.167,
                      0.167
                    ]
                  },
                  "t": 37,
                  "s": [
                    20,
                    20,
                    100
                  ]
                },
                {
                  "i": {
                    "x": [
                      0.833,
                      0.833,
                      0.833
                    ],
                    "y": [
                      0.833,
                      0.833,
                      0.833
                    ]
                  },
                  "o": {
                    "x": [
                      0.167,
                      0.167,
                      0.167
                    ],
                    "y": [
                      0.167,
                      0.167,
                      0.167
                    ]
                  },
                  "t": 44,
                  "s": [
                    50,
                    50,
                    100
                  ]
                },
                {
                  "t": 48,
                  "s": [
                    0,
                    0,
                    100
                  ]
                }
              ],
              "ix": 6
            }
          },
          "ao": 0,
          "hasMask": true,
          "masksProperties": [
            {
              "inv": false,
              "mode": "n",
              "pt": {
                "a": 0,
                "k": {
                  "i": [
                    [
                      0,
                      0
                    ]
                  ],
                  "o": [
                    [
                      0,
                      0
                    ]
                  ],
                  "v": [
                    [
                      967.103,
                      196.762
                    ]
                  ],
                  "c": false
                },
                "ix": 1
              },
              "o": {
                "a": 0,
                "k": 100,
                "ix": 3
              },
              "x": {
                "a": 0,
                "k": 0,
                "ix": 4
              },
              "nm": "Mask 1"
            }
          ],
          "ip": 37,
          "op": 49,
          "st": 37,
          "bm": 0
        },
        {
          "ddd": 0,
          "ind": 2,
          "ty": 2,
          "nm": "star.png",
          "cl": "png",
          "refId": "image_0",
          "sr": 1,
          "ks": {
            "o": {
              "a": 0,
              "k": 100,
              "ix": 11
            },
            "r": {
              "a": 1,
              "k": [
                {
                  "i": {
                    "x": [
                      0.833
                    ],
                    "y": [
                      0.833
                    ]
                  },
                  "o": {
                    "x": [
                      0.167
                    ],
                    "y": [
                      0.167
                    ]
                  },
                  "t": 33,
                  "s": [
                    0
                  ]
                },
                {
                  "t": 44,
                  "s": [
                    127
                  ]
                }
              ],
              "ix": 10
            },
            "p": {
              "a": 0,
              "k": [
                246.25,
                193.25,
                0
              ],
              "ix": 2
            },
            "a": {
              "a": 0,
              "k": [
                42.5,
                42,
                0
              ],
              "ix": 1
            },
            "s": {
              "a": 1,
              "k": [
                {
                  "i": {
                    "x": [
                      0.833,
                      0.833,
                      0.833
                    ],
                    "y": [
                      0.833,
                      0.833,
                      0.833
                    ]
                  },
                  "o": {
                    "x": [
                      0.167,
                      0.167,
                      0.167
                    ],
                    "y": [
                      0.167,
                      0.167,
                      0.167
                    ]
                  },
                  "t": 33,
                  "s": [
                    20,
                    20,
                    100
                  ]
                },
                {
                  "i": {
                    "x": [
                      0.833,
                      0.833,
                      0.833
                    ],
                    "y": [
                      0.833,
                      0.833,
                      0.833
                    ]
                  },
                  "o": {
                    "x": [
                      0.167,
                      0.167,
                      0.167
                    ],
                    "y": [
                      0.167,
                      0.167,
                      0.167
                    ]
                  },
                  "t": 40,
                  "s": [
                    50,
                    50,
                    100
                  ]
                },
                {
                  "t": 44,
                  "s": [
                    0,
                    0,
                    100
                  ]
                }
              ],
              "ix": 6
            }
          },
          "ao": 0,
          "hasMask": true,
          "masksProperties": [
            {
              "inv": false,
              "mode": "n",
              "pt": {
                "a": 0,
                "k": {
                  "i": [
                    [
                      0,
                      0
                    ]
                  ],
                  "o": [
                    [
                      0,
                      0
                    ]
                  ],
                  "v": [
                    [
                      967.103,
                      196.762
                    ]
                  ],
                  "c": false
                },
                "ix": 1
              },
              "o": {
                "a": 0,
                "k": 100,
                "ix": 3
              },
              "x": {
                "a": 0,
                "k": 0,
                "ix": 4
              },
              "nm": "Mask 1"
            }
          ],
          "ip": 33,
          "op": 45,
          "st": 33,
          "bm": 0
        },
        {
          "ddd": 0,
          "ind": 3,
          "ty": 2,
          "nm": "star.png",
          "cl": "png",
          "refId": "image_0",
          "sr": 1,
          "ks": {
            "o": {
              "a": 0,
              "k": 100,
              "ix": 11
            },
            "r": {
              "a": 1,
              "k": [
                {
                  "i": {
                    "x": [
                      0.833
                    ],
                    "y": [
                      0.833
                    ]
                  },
                  "o": {
                    "x": [
                      0.167
                    ],
                    "y": [
                      0.167
                    ]
                  },
                  "t": 29,
                  "s": [
                    0
                  ]
                },
                {
                  "t": 40,
                  "s": [
                    127
                  ]
                }
              ],
              "ix": 10
            },
            "p": {
              "a": 0,
              "k": [
                204.25,
                190.5,
                0
              ],
              "ix": 2
            },
            "a": {
              "a": 0,
              "k": [
                42.5,
                42,
                0
              ],
              "ix": 1
            },
            "s": {
              "a": 1,
              "k": [
                {
                  "i": {
                    "x": [
                      0.833,
                      0.833,
                      0.833
                    ],
                    "y": [
                      0.833,
                      0.833,
                      0.833
                    ]
                  },
                  "o": {
                    "x": [
                      0.167,
                      0.167,
                      0.167
                    ],
                    "y": [
                      0.167,
                      0.167,
                      0.167
                    ]
                  },
                  "t": 29,
                  "s": [
                    20,
                    20,
                    100
                  ]
                },
                {
                  "i": {
                    "x": [
                      0.833,
                      0.833,
                      0.833
                    ],
                    "y": [
                      0.833,
                      0.833,
                      0.833
                    ]
                  },
                  "o": {
                    "x": [
                      0.167,
                      0.167,
                      0.167
                    ],
                    "y": [
                      0.167,
                      0.167,
                      0.167
                    ]
                  },
                  "t": 36,
                  "s": [
                    50,
                    50,
                    100
                  ]
                },
                {
                  "t": 40,
                  "s": [
                    0,
                    0,
                    100
                  ]
                }
              ],
              "ix": 6
            }
          },
          "ao": 0,
          "hasMask": true,
          "masksProperties": [
            {
              "inv": false,
              "mode": "n",
              "pt": {
                "a": 0,
                "k": {
                  "i": [
                    [
                      0,
                      0
                    ]
                  ],
                  "o": [
                    [
                      0,
                      0
                    ]
                  ],
                  "v": [
                    [
                      967.103,
                      196.762
                    ]
                  ],
                  "c": false
                },
                "ix": 1
              },
              "o": {
                "a": 0,
                "k": 100,
                "ix": 3
              },
              "x": {
                "a": 0,
                "k": 0,
                "ix": 4
              },
              "nm": "Mask 1"
            }
          ],
          "ip": 29,
          "op": 41,
          "st": 29,
          "bm": 0
        },
        {
          "ddd": 0,
          "ind": 4,
          "ty": 2,
          "nm": "star.png",
          "cl": "png",
          "refId": "image_0",
          "sr": 1,
          "ks": {
            "o": {
              "a": 0,
              "k": 100,
              "ix": 11
            },
            "r": {
              "a": 1,
              "k": [
                {
                  "i": {
                    "x": [
                      0.833
                    ],
                    "y": [
                      0.833
                    ]
                  },
                  "o": {
                    "x": [
                      0.167
                    ],
                    "y": [
                      0.167
                    ]
                  },
                  "t": 24,
                  "s": [
                    0
                  ]
                },
                {
                  "t": 35,
                  "s": [
                    127
                  ]
                }
              ],
              "ix": 10
            },
            "p": {
              "a": 0,
              "k": [
                156.75,
                190.5,
                0
              ],
              "ix": 2
            },
            "a": {
              "a": 0,
              "k": [
                42.5,
                42,
                0
              ],
              "ix": 1
            },
            "s": {
              "a": 1,
              "k": [
                {
                  "i": {
                    "x": [
                      0.833,
                      0.833,
                      0.833
                    ],
                    "y": [
                      0.833,
                      0.833,
                      0.833
                    ]
                  },
                  "o": {
                    "x": [
                      0.167,
                      0.167,
                      0.167
                    ],
                    "y": [
                      0.167,
                      0.167,
                      0.167
                    ]
                  },
                  "t": 24,
                  "s": [
                    20,
                    20,
                    100
                  ]
                },
                {
                  "i": {
                    "x": [
                      0.833,
                      0.833,
                      0.833
                    ],
                    "y": [
                      0.833,
                      0.833,
                      0.833
                    ]
                  },
                  "o": {
                    "x": [
                      0.167,
                      0.167,
                      0.167
                    ],
                    "y": [
                      0.167,
                      0.167,
                      0.167
                    ]
                  },
                  "t": 31,
                  "s": [
                    50,
                    50,
                    100
                  ]
                },
                {
                  "t": 35,
                  "s": [
                    0,
                    0,
                    100
                  ]
                }
              ],
              "ix": 6
            }
          },
          "ao": 0,
          "hasMask": true,
          "masksProperties": [
            {
              "inv": false,
              "mode": "n",
              "pt": {
                "a": 0,
                "k": {
                  "i": [
                    [
                      0,
                      0
                    ]
                  ],
                  "o": [
                    [
                      0,
                      0
                    ]
                  ],
                  "v": [
                    [
                      967.103,
                      196.762
                    ]
                  ],
                  "c": false
                },
                "ix": 1
              },
              "o": {
                "a": 0,
                "k": 100,
                "ix": 3
              },
              "x": {
                "a": 0,
                "k": 0,
                "ix": 4
              },
              "nm": "Mask 1"
            }
          ],
          "ip": 24,
          "op": 36,
          "st": 24,
          "bm": 0
        },
        {
          "ddd": 0,
          "ind": 5,
          "ty": 2,
          "nm": "star.png",
          "cl": "png",
          "refId": "image_0",
          "sr": 1,
          "ks": {
            "o": {
              "a": 0,
              "k": 100,
              "ix": 11
            },
            "r": {
              "a": 1,
              "k": [
                {
                  "i": {
                    "x": [
                      0.833
                    ],
                    "y": [
                      0.833
                    ]
                  },
                  "o": {
                    "x": [
                      0.167
                    ],
                    "y": [
                      0.167
                    ]
                  },
                  "t": 22,
                  "s": [
                    0
                  ]
                },
                {
                  "t": 33,
                  "s": [
                    127
                  ]
                }
              ],
              "ix": 10
            },
            "p": {
              "a": 0,
              "k": [
                149.25,
                130,
                0
              ],
              "ix": 2
            },
            "a": {
              "a": 0,
              "k": [
                42.5,
                42,
                0
              ],
              "ix": 1
            },
            "s": {
              "a": 1,
              "k": [
                {
                  "i": {
                    "x": [
                      0.833,
                      0.833,
                      0.833
                    ],
                    "y": [
                      0.833,
                      0.833,
                      0.833
                    ]
                  },
                  "o": {
                    "x": [
                      0.167,
                      0.167,
                      0.167
                    ],
                    "y": [
                      0.167,
                      0.167,
                      0.167
                    ]
                  },
                  "t": 22,
                  "s": [
                    30,
                    30,
                    100
                  ]
                },
                {
                  "i": {
                    "x": [
                      0.833,
                      0.833,
                      0.833
                    ],
                    "y": [
                      0.833,
                      0.833,
                      0.833
                    ]
                  },
                  "o": {
                    "x": [
                      0.167,
                      0.167,
                      0.167
                    ],
                    "y": [
                      0.167,
                      0.167,
                      0.167
                    ]
                  },
                  "t": 29,
                  "s": [
                    70,
                    70,
                    100
                  ]
                },
                {
                  "t": 33,
                  "s": [
                    0,
                    0,
                    100
                  ]
                }
              ],
              "ix": 6
            }
          },
          "ao": 0,
          "hasMask": true,
          "masksProperties": [
            {
              "inv": false,
              "mode": "n",
              "pt": {
                "a": 0,
                "k": {
                  "i": [
                    [
                      0,
                      0
                    ]
                  ],
                  "o": [
                    [
                      0,
                      0
                    ]
                  ],
                  "v": [
                    [
                      967.103,
                      196.762
                    ]
                  ],
                  "c": false
                },
                "ix": 1
              },
              "o": {
                "a": 0,
                "k": 100,
                "ix": 3
              },
              "x": {
                "a": 0,
                "k": 0,
                "ix": 4
              },
              "nm": "Mask 1"
            }
          ],
          "ip": 22,
          "op": 34,
          "st": 22,
          "bm": 0
        },
        {
          "ddd": 0,
          "ind": 6,
          "ty": 2,
          "nm": "star.png",
          "cl": "png",
          "refId": "image_0",
          "sr": 1,
          "ks": {
            "o": {
              "a": 0,
              "k": 100,
              "ix": 11
            },
            "r": {
              "a": 1,
              "k": [
                {
                  "i": {
                    "x": [
                      0.833
                    ],
                    "y": [
                      0.833
                    ]
                  },
                  "o": {
                    "x": [
                      0.167
                    ],
                    "y": [
                      0.167
                    ]
                  },
                  "t": 20,
                  "s": [
                    0
                  ]
                },
                {
                  "t": 31,
                  "s": [
                    127
                  ]
                }
              ],
              "ix": 10
            },
            "p": {
              "a": 0,
              "k": [
                105.75,
                190.5,
                0
              ],
              "ix": 2
            },
            "a": {
              "a": 0,
              "k": [
                42.5,
                42,
                0
              ],
              "ix": 1
            },
            "s": {
              "a": 1,
              "k": [
                {
                  "i": {
                    "x": [
                      0.833,
                      0.833,
                      0.833
                    ],
                    "y": [
                      0.833,
                      0.833,
                      0.833
                    ]
                  },
                  "o": {
                    "x": [
                      0.167,
                      0.167,
                      0.167
                    ],
                    "y": [
                      0.167,
                      0.167,
                      0.167
                    ]
                  },
                  "t": 20,
                  "s": [
                    20,
                    20,
                    100
                  ]
                },
                {
                  "i": {
                    "x": [
                      0.833,
                      0.833,
                      0.833
                    ],
                    "y": [
                      0.833,
                      0.833,
                      0.833
                    ]
                  },
                  "o": {
                    "x": [
                      0.167,
                      0.167,
                      0.167
                    ],
                    "y": [
                      0.167,
                      0.167,
                      0.167
                    ]
                  },
                  "t": 27,
                  "s": [
                    50,
                    50,
                    100
                  ]
                },
                {
                  "t": 31,
                  "s": [
                    0,
                    0,
                    100
                  ]
                }
              ],
              "ix": 6
            }
          },
          "ao": 0,
          "hasMask": true,
          "masksProperties": [
            {
              "inv": false,
              "mode": "n",
              "pt": {
                "a": 0,
                "k": {
                  "i": [
                    [
                      0,
                      0
                    ]
                  ],
                  "o": [
                    [
                      0,
                      0
                    ]
                  ],
                  "v": [
                    [
                      967.103,
                      196.762
                    ]
                  ],
                  "c": false
                },
                "ix": 1
              },
              "o": {
                "a": 0,
                "k": 100,
                "ix": 3
              },
              "x": {
                "a": 0,
                "k": 0,
                "ix": 4
              },
              "nm": "Mask 1"
            }
          ],
          "ip": 20,
          "op": 32,
          "st": 20,
          "bm": 0
        },
        {
          "ddd": 0,
          "ind": 7,
          "ty": 2,
          "nm": "star.png",
          "cl": "png",
          "refId": "image_0",
          "sr": 1,
          "ks": {
            "o": {
              "a": 0,
              "k": 100,
              "ix": 11
            },
            "r": {
              "a": 1,
              "k": [
                {
                  "i": {
                    "x": [
                      0.833
                    ],
                    "y": [
                      0.833
                    ]
                  },
                  "o": {
                    "x": [
                      0.167
                    ],
                    "y": [
                      0.167
                    ]
                  },
                  "t": 17,
                  "s": [
                    0
                  ]
                },
                {
                  "t": 28,
                  "s": [
                    127
                  ]
                }
              ],
              "ix": 10
            },
            "p": {
              "a": 0,
              "k": [
                65.75,
                193,
                0
              ],
              "ix": 2
            },
            "a": {
              "a": 0,
              "k": [
                42.5,
                42,
                0
              ],
              "ix": 1
            },
            "s": {
              "a": 1,
              "k": [
                {
                  "i": {
                    "x": [
                      0.833,
                      0.833,
                      0.833
                    ],
                    "y": [
                      0.833,
                      0.833,
                      0.833
                    ]
                  },
                  "o": {
                    "x": [
                      0.167,
                      0.167,
                      0.167
                    ],
                    "y": [
                      0.167,
                      0.167,
                      0.167
                    ]
                  },
                  "t": 17,
                  "s": [
                    20,
                    20,
                    100
                  ]
                },
                {
                  "i": {
                    "x": [
                      0.833,
                      0.833,
                      0.833
                    ],
                    "y": [
                      0.833,
                      0.833,
                      0.833
                    ]
                  },
                  "o": {
                    "x": [
                      0.167,
                      0.167,
                      0.167
                    ],
                    "y": [
                      0.167,
                      0.167,
                      0.167
                    ]
                  },
                  "t": 24,
                  "s": [
                    50,
                    50,
                    100
                  ]
                },
                {
                  "t": 28,
                  "s": [
                    0,
                    0,
                    100
                  ]
                }
              ],
              "ix": 6
            }
          },
          "ao": 0,
          "hasMask": true,
          "masksProperties": [
            {
              "inv": false,
              "mode": "n",
              "pt": {
                "a": 0,
                "k": {
                  "i": [
                    [
                      0,
                      0
                    ]
                  ],
                  "o": [
                    [
                      0,
                      0
                    ]
                  ],
                  "v": [
                    [
                      967.103,
                      196.762
                    ]
                  ],
                  "c": false
                },
                "ix": 1
              },
              "o": {
                "a": 0,
                "k": 100,
                "ix": 3
              },
              "x": {
                "a": 0,
                "k": 0,
                "ix": 4
              },
              "nm": "Mask 1"
            }
          ],
          "ip": 17,
          "op": 29,
          "st": 17,
          "bm": 0
        },
        {
          "ddd": 0,
          "ind": 8,
          "ty": 2,
          "nm": "star.png",
          "cl": "png",
          "refId": "image_0",
          "sr": 1,
          "ks": {
            "o": {
              "a": 0,
              "k": 100,
              "ix": 11
            },
            "r": {
              "a": 1,
              "k": [
                {
                  "i": {
                    "x": [
                      0.833
                    ],
                    "y": [
                      0.833
                    ]
                  },
                  "o": {
                    "x": [
                      0.167
                    ],
                    "y": [
                      0.167
                    ]
                  },
                  "t": 12,
                  "s": [
                    0
                  ]
                },
                {
                  "t": 23,
                  "s": [
                    127
                  ]
                }
              ],
              "ix": 10
            },
            "p": {
              "a": 0,
              "k": [
                30.75,
                196,
                0
              ],
              "ix": 2
            },
            "a": {
              "a": 0,
              "k": [
                42.5,
                42,
                0
              ],
              "ix": 1
            },
            "s": {
              "a": 1,
              "k": [
                {
                  "i": {
                    "x": [
                      0.833,
                      0.833,
                      0.833
                    ],
                    "y": [
                      0.833,
                      0.833,
                      0.833
                    ]
                  },
                  "o": {
                    "x": [
                      0.167,
                      0.167,
                      0.167
                    ],
                    "y": [
                      0.167,
                      0.167,
                      0.167
                    ]
                  },
                  "t": 12,
                  "s": [
                    20,
                    20,
                    100
                  ]
                },
                {
                  "i": {
                    "x": [
                      0.833,
                      0.833,
                      0.833
                    ],
                    "y": [
                      0.833,
                      0.833,
                      0.833
                    ]
                  },
                  "o": {
                    "x": [
                      0.167,
                      0.167,
                      0.167
                    ],
                    "y": [
                      0.167,
                      0.167,
                      0.167
                    ]
                  },
                  "t": 19,
                  "s": [
                    50,
                    50,
                    100
                  ]
                },
                {
                  "t": 23,
                  "s": [
                    0,
                    0,
                    100
                  ]
                }
              ],
              "ix": 6
            }
          },
          "ao": 0,
          "hasMask": true,
          "masksProperties": [
            {
              "inv": false,
              "mode": "n",
              "pt": {
                "a": 0,
                "k": {
                  "i": [
                    [
                      0,
                      0
                    ]
                  ],
                  "o": [
                    [
                      0,
                      0
                    ]
                  ],
                  "v": [
                    [
                      967.103,
                      196.762
                    ]
                  ],
                  "c": false
                },
                "ix": 1
              },
              "o": {
                "a": 0,
                "k": 100,
                "ix": 3
              },
              "x": {
                "a": 0,
                "k": 0,
                "ix": 4
              },
              "nm": "Mask 1"
            }
          ],
          "ip": 12,
          "op": 24,
          "st": 12,
          "bm": 0
        },
        {
          "ddd": 0,
          "ind": 9,
          "ty": 4,
          "nm": "Shape Layer 2",
          "td": 1,
          "sr": 1,
          "ks": {
            "o": {
              "a": 0,
              "k": 100,
              "ix": 11
            },
            "r": {
              "a": 0,
              "k": 0,
              "ix": 10
            },
            "p": {
              "a": 0,
              "k": [
                150,
                150,
                0
              ],
              "ix": 2
            },
            "a": {
              "a": 0,
              "k": [
                0,
                0,
                0
              ],
              "ix": 1
            },
            "s": {
              "a": 0,
              "k": [
                100,
                100,
                100
              ],
              "ix": 6
            }
          },
          "ao": 0,
          "shapes": [
            {
              "ty": "gr",
              "it": [
                {
                  "ind": 0,
                  "ty": "sh",
                  "ix": 1,
                  "ks": {
                    "a": 0,
                    "k": {
                      "i": [
                        [
                          2.5,
                          4
                        ],
                        [
                          2,
                          -8.75
                        ],
                        [
                          0,
                          0
                        ],
                        [
                          8.75,
                          -18.5
                        ],
                        [
                          6.75,
                          -4.5
                        ],
                        [
                          0.25,
                          0
                        ],
                        [
                          0,
                          0.25
                        ],
                        [
                          1.5,
                          2.25
                        ],
                        [
                          5,
                          -7.5
                        ],
                        [
                          0,
                          0
                        ],
                        [
                          0.25,
                          -0.375
                        ],
                        [
                          0,
                          0
                        ],
                        [
                          0.125,
                          -0.125
                        ],
                        [
                          0,
                          -0.125
                        ],
                        [
                          0.125,
                          0.125
                        ],
                        [
                          0.125,
                          -0.25
                        ],
                        [
                          -0.125,
                          0.125
                        ],
                        [
                          0,
                          0
                        ],
                        [
                          -0.25,
                          -0.125
                        ],
                        [
                          -0.125,
                          -0.375
                        ],
                        [
                          0,
                          0
                        ],
                        [
                          -0.125,
                          0.375
                        ],
                        [
                          0,
                          0
                        ],
                        [
                          0,
                          0
                        ],
                        [
                          1.625,
                          -4.875
                        ],
                        [
                          0,
                          0
                        ],
                        [
                          0,
                          0
                        ],
                        [
                          0.125,
                          -0.125
                        ],
                        [
                          0,
                          0
                        ],
                        [
                          -0.125,
                          0
                        ],
                        [
                          -0.375,
                          0.375
                        ],
                        [
                          0,
                          0
                        ],
                        [
                          -0.5,
                          0.375
                        ],
                        [
                          0,
                          0
                        ],
                        [
                          -0.25,
                          0.375
                        ],
                        [
                          0.25,
                          0.625
                        ],
                        [
                          0,
                          0
                        ],
                        [
                          -1.625,
                          1.125
                        ],
                        [
                          5,
                          2.25
                        ],
                        [
                          1.875,
                          -5.375
                        ],
                        [
                          0,
                          0
                        ],
                        [
                          0,
                          0
                        ],
                        [
                          7,
                          -0.5
                        ],
                        [
                          0,
                          1.5
                        ],
                        [
                          -0.25,
                          0.25
                        ],
                        [
                          0,
                          4.5
                        ],
                        [
                          4.25,
                          -7
                        ],
                        [
                          0,
                          0
                        ],
                        [
                          1.5,
                          -3.5
                        ],
                        [
                          1.5,
                          0.5
                        ],
                        [
                          -0.75,
                          0.5
                        ],
                        [
                          0,
                          0.25
                        ]
                      ],
                      "o": [
                        [
                          -2.5,
                          -4
                        ],
                        [
                          -2,
                          8.75
                        ],
                        [
                          0,
                          0
                        ],
                        [
                          -8.75,
                          18.5
                        ],
                        [
                          -21.25,
                          9.5
                        ],
                        [
                          -0.25,
                          0
                        ],
                        [
                          4.25,
                          -4.25
                        ],
                        [
                          -1.5,
                          -2.25
                        ],
                        [
                          -5,
                          7.5
                        ],
                        [
                          0,
                          0
                        ],
                        [
                          -0.375,
                          9.125
                        ],
                        [
                          -3.125,
                          10.5
                        ],
                        [
                          -5.5,
                          -6.625
                        ],
                        [
                          10.25,
                          -7.25
                        ],
                        [
                          -10.125,
                          -1.125
                        ],
                        [
                          -0.625,
                          5.375
                        ],
                        [
                          4.875,
                          6.625
                        ],
                        [
                          0,
                          0
                        ],
                        [
                          -1.625,
                          1.625
                        ],
                        [
                          -1.375,
                          5
                        ],
                        [
                          0,
                          0
                        ],
                        [
                          -4.75,
                          3.5
                        ],
                        [
                          0,
                          0
                        ],
                        [
                          0,
                          0
                        ],
                        [
                          -1.625,
                          4.875
                        ],
                        [
                          0,
                          0
                        ],
                        [
                          0,
                          0
                        ],
                        [
                          115.5,
                          -10.5
                        ],
                        [
                          0,
                          0
                        ],
                        [
                          2.375,
                          -0.875
                        ],
                        [
                          2.25,
                          -4.5
                        ],
                        [
                          0,
                          0
                        ],
                        [
                          3.875,
                          -4.25
                        ],
                        [
                          0,
                          0
                        ],
                        [
                          7,
                          -3.375
                        ],
                        [
                          -1.375,
                          -6.625
                        ],
                        [
                          0,
                          0
                        ],
                        [
                          1.625,
                          -1.125
                        ],
                        [
                          -5,
                          -2.25
                        ],
                        [
                          -1.875,
                          5.375
                        ],
                        [
                          0,
                          0
                        ],
                        [
                          0,
                          0
                        ],
                        [
                          -7,
                          0.5
                        ],
                        [
                          0,
                          -1.5
                        ],
                        [
                          6.25,
                          -1.75
                        ],
                        [
                          0,
                          -4.5
                        ],
                        [
                          -4.25,
                          7
                        ],
                        [
                          0,
                          0
                        ],
                        [
                          -5,
                          14.5
                        ],
                        [
                          -16.75,
                          2.25
                        ],
                        [
                          -7.25,
                          -5.25
                        ],
                        [
                          9,
                          -6.25
                        ]
                      ],
                      "v": [
                        [
                          6.5,
                          -79.75
                        ],
                        [
                          -10.25,
                          -74.5
                        ],
                        [
                          -4,
                          -64.75
                        ],
                        [
                          -24.25,
                          -21.5
                        ],
                        [
                          -47.5,
                          6.5
                        ],
                        [
                          -76.5,
                          0.5
                        ],
                        [
                          -99.75,
                          -37
                        ],
                        [
                          -99.5,
                          -50.5
                        ],
                        [
                          -111.5,
                          -48
                        ],
                        [
                          -105.75,
                          -36.5
                        ],
                        [
                          -106.625,
                          -12.875
                        ],
                        [
                          -110.875,
                          12
                        ],
                        [
                          -118.875,
                          14
                        ],
                        [
                          -128.875,
                          -16
                        ],
                        [
                          -128.375,
                          -28.875
                        ],
                        [
                          -138.125,
                          -22.625
                        ],
                        [
                          -133,
                          -15.875
                        ],
                        [
                          -125.25,
                          14.75
                        ],
                        [
                          -125.125,
                          27.75
                        ],
                        [
                          -127.125,
                          32.625
                        ],
                        [
                          -122.375,
                          40.375
                        ],
                        [
                          -122,
                          45.25
                        ],
                        [
                          -122.125,
                          56.375
                        ],
                        [
                          -122.25,
                          61.5
                        ],
                        [
                          -127.75,
                          66.75
                        ],
                        [
                          -124,
                          75.125
                        ],
                        [
                          -123.875,
                          81.75
                        ],
                        [
                          -122.5,
                          82.5
                        ],
                        [
                          123.125,
                          81.875
                        ],
                        [
                          123,
                          74.75
                        ],
                        [
                          127.375,
                          70
                        ],
                        [
                          122.5,
                          62
                        ],
                        [
                          122.375,
                          55.875
                        ],
                        [
                          122.375,
                          45.25
                        ],
                        [
                          122.625,
                          39.875
                        ],
                        [
                          125,
                          27.5
                        ],
                        [
                          131.875,
                          -16.125
                        ],
                        [
                          136.375,
                          -18.5
                        ],
                        [
                          135.375,
                          -28.625
                        ],
                        [
                          124.75,
                          -24.25
                        ],
                        [
                          129.5,
                          -16.375
                        ],
                        [
                          125.25,
                          -2.5
                        ],
                        [
                          116.5,
                          17.5
                        ],
                        [
                          109.5,
                          3.25
                        ],
                        [
                          106,
                          -36.75
                        ],
                        [
                          111.5,
                          -47.5
                        ],
                        [
                          97.5,
                          -49
                        ],
                        [
                          99.5,
                          -37.5
                        ],
                        [
                          82.25,
                          -8.5
                        ],
                        [
                          63.25,
                          10
                        ],
                        [
                          34,
                          -6
                        ],
                        [
                          4.25,
                          -64
                        ]
                      ],
                      "c": true
                    },
                    "ix": 2
                  },
                  "nm": "Path 1",
                  "mn": "ADBE Vector Shape - Group",
                  "hd": false
                },
                {
                  "ty": "fl",
                  "c": {
                    "a": 0,
                    "k": [
                      0.695327818627,
                      0.504176540001,
                      0.504176540001,
                      1
                    ],
                    "ix": 4
                  },
                  "o": {
                    "a": 0,
                    "k": 100,
                    "ix": 5
                  },
                  "r": 1,
                  "bm": 0,
                  "nm": "Fill 1",
                  "mn": "ADBE Vector Graphic - Fill",
                  "hd": false
                },
                {
                  "ty": "tr",
                  "p": {
                    "a": 0,
                    "k": [
                      0,
                      0
                    ],
                    "ix": 2
                  },
                  "a": {
                    "a": 0,
                    "k": [
                      0,
                      0
                    ],
                    "ix": 1
                  },
                  "s": {
                    "a": 0,
                    "k": [
                      100,
                      100
                    ],
                    "ix": 3
                  },
                  "r": {
                    "a": 0,
                    "k": 0,
                    "ix": 6
                  },
                  "o": {
                    "a": 0,
                    "k": 100,
                    "ix": 7
                  },
                  "sk": {
                    "a": 0,
                    "k": 0,
                    "ix": 4
                  },
                  "sa": {
                    "a": 0,
                    "k": 0,
                    "ix": 5
                  },
                  "nm": "Transform"
                }
              ],
              "nm": "Shape 1",
              "np": 3,
              "cix": 2,
              "bm": 0,
              "ix": 1,
              "mn": "ADBE Vector Group",
              "hd": false
            }
          ],
          "ip": 0,
          "op": 60,
          "st": 0,
          "bm": 0
        },
        {
          "ddd": 0,
          "ind": 10,
          "ty": 4,
          "nm": "Shape Layer 1",
          "tt": 1,
          "sr": 1,
          "ks": {
            "o": {
              "a": 0,
              "k": 75,
              "ix": 11
            },
            "r": {
              "a": 0,
              "k": 23,
              "ix": 10
            },
            "p": {
              "a": 1,
              "k": [
                {
                  "i": {
                    "x": 0.667,
                    "y": 1
                  },
                  "o": {
                    "x": 0.333,
                    "y": 0
                  },
                  "t": 0,
                  "s": [
                    -8,
                    119.5,
                    0
                  ],
                  "to": [
                    54.25,
                    11.583,
                    0
                  ],
                  "ti": [
                    -54.25,
                    -11.583,
                    0
                  ]
                },
                {
                  "t": 46,
                  "s": [
                    317.5,
                    189,
                    0
                  ]
                }
              ],
              "ix": 2
            },
            "a": {
              "a": 0,
              "k": [
                -68,
                -15,
                0
              ],
              "ix": 1
            },
            "s": {
              "a": 0,
              "k": [
                100,
                100,
                100
              ],
              "ix": 6
            }
          },
          "ao": 0,
          "shapes": [
            {
              "ty": "gr",
              "it": [
                {
                  "ty": "rc",
                  "d": 1,
                  "s": {
                    "a": 0,
                    "k": [
                      19.857,
                      212.807
                    ],
                    "ix": 2
                  },
                  "p": {
                    "a": 0,
                    "k": [
                      0,
                      0
                    ],
                    "ix": 3
                  },
                  "r": {
                    "a": 0,
                    "k": 0,
                    "ix": 4
                  },
                  "nm": "Rectangle Path 1",
                  "mn": "ADBE Vector Shape - Rect",
                  "hd": false
                },
                {
                  "ty": "fl",
                  "c": {
                    "a": 0,
                    "k": [
                      1,
                      1,
                      1,
                      1
                    ],
                    "ix": 4
                  },
                  "o": {
                    "a": 0,
                    "k": 100,
                    "ix": 5
                  },
                  "r": 1,
                  "bm": 0,
                  "nm": "Fill 1",
                  "mn": "ADBE Vector Graphic - Fill",
                  "hd": false
                },
                {
                  "ty": "tr",
                  "p": {
                    "a": 0,
                    "k": [
                      -67.071,
                      -15.097
                    ],
                    "ix": 2
                  },
                  "a": {
                    "a": 0,
                    "k": [
                      0,
                      0
                    ],
                    "ix": 1
                  },
                  "s": {
                    "a": 0,
                    "k": [
                      100,
                      100
                    ],
                    "ix": 3
                  },
                  "r": {
                    "a": 0,
                    "k": 0,
                    "ix": 6
                  },
                  "o": {
                    "a": 0,
                    "k": 100,
                    "ix": 7
                  },
                  "sk": {
                    "a": 0,
                    "k": 0,
                    "ix": 4
                  },
                  "sa": {
                    "a": 0,
                    "k": 0,
                    "ix": 5
                  },
                  "nm": "Transform"
                }
              ],
              "nm": "Rectangle 1",
              "np": 3,
              "cix": 2,
              "bm": 0,
              "ix": 1,
              "mn": "ADBE Vector Group",
              "hd": false
            }
          ],
          "ip": 0,
          "op": 60,
          "st": 0,
          "bm": 0
        },
        {
          "ddd": 0,
          "ind": 11,
          "ty": 2,
          "nm": "crown_1.png",
          "cl": "png",
          "refId": "image_1",
          "sr": 1,
          "ks": {
            "o": {
              "a": 0,
              "k": 100,
              "ix": 11
            },
            "r": {
              "a": 0,
              "k": 0,
              "ix": 10
            },
            "p": {
              "a": 0,
              "k": [
                150,
                150,
                0
              ],
              "ix": 2
            },
            "a": {
              "a": 0,
              "k": [
                246.5,
                146.5,
                0
              ],
              "ix": 1
            },
            "s": {
              "a": 0,
              "k": [
                56,
                56,
                100
              ],
              "ix": 6
            }
          },
          "ao": 0,
          "ip": 0,
          "op": 60,
          "st": 0,
          "bm": 0
        }
      ]
    }
  ],
  "layers": [
    {
      "ddd": 0,
      "ind": 1,
      "ty": 0,
      "nm": "1",
      "refId": "comp_0",
      "sr": 1,
      "ks": {
        "o": {
          "a": 0,
          "k": 100,
          "ix": 11
        },
        "r": {
          "a": 1,
          "k": [
            {
              "i": {
                "x": [
                  0.667
                ],
                "y": [
                  1
                ]
              },
              "o": {
                "x": [
                  0.333
                ],
                "y": [
                  0
                ]
              },
              "t": 0,
              "s": [
                -2
              ]
            },
            {
              "i": {
                "x": [
                  0.667
                ],
                "y": [
                  1
                ]
              },
              "o": {
                "x": [
                  0.333
                ],
                "y": [
                  0
                ]
              },
              "t": 30,
              "s": [
                2
              ]
            },
            {
              "t": 59,
              "s": [
                -2
              ]
            }
          ],
          "ix": 10
        },
        "p": {
          "a": 0,
          "k": [
            150.5,
            226,
            0
          ],
          "ix": 2
        },
        "a": {
          "a": 0,
          "k": [
            150.5,
            226,
            0
          ],
          "ix": 1
        },
        "s": {
          "a": 0,
          "k": [
            100,
            100,
            100
          ],
          "ix": 6
        }
      },
      "ao": 0,
      "w": 300,
      "h": 300,
      "ip": 0,
      "op": 60,
      "st": 0,
      "bm": 0
    }
  ],
  "markers": []
}