{
  "v": "5.5.9",
  "fr": 30,
  "ip": 0,
  "op": 60,
  "w": 300,
  "h": 300,
  "nm": "starlight",
  "ddd": 0,
  "assets": [
    {
      "id": "image_0",
      "w": 444,
      "h": 185,
      "u": "sticker22/",
      "p": "img_0.png",
      "e": 0
    },
    {
      "id": "image_1",
      "w": 184,
      "h": 187,
      "u": "sticker22/",
      "p": "img_1.png",
      "e": 0
    }
  ],
  "layers": [
    {
      "ddd": 0,
      "ind": 1,
      "ty": 2,
      "nm": "glow light.png",
      "cl": "png",
      "refId": "image_0",
      "sr": 1,
      "ks": {
        "o": {
          "a": 0,
          "k": 100,
          "ix": 11
        },
        "r": {
          "a": 0,
          "k": 0,
          "ix": 10
        },
        "p": {
          "a": 0,
          "k": [
            158,
            158.5,
            0
          ],
          "ix": 2
        },
        "a": {
          "a": 0,
          "k": [
            222,
            92.5,
            0
          ],
          "ix": 1
        },
        "s": {
          "a": 1,
          "k": [
            {
              "i": {
                "x": [
                  0.667,
                  0.667,
                  0.667
                ],
                "y": [
                  1,
                  1,
                  1
                ]
              },
              "o": {
                "x": [
                  0.333,
                  0.333,
                  0.333
                ],
                "y": [
                  0,
                  0,
                  0
                ]
              },
              "t": 0,
              "s": [
                65,
                65,
                100
              ]
            },
            {
              "i": {
                "x": [
                  0.667,
                  0.667,
                  0.667
                ],
                "y": [
                  1,
                  1,
                  1
                ]
              },
              "o": {
                "x": [
                  0.333,
                  0.333,
                  0.333
                ],
                "y": [
                  0,
                  0,
                  0
                ]
              },
              "t": 5,
              "s": [
                73,
                73,
                100
              ]
            },
            {
              "i": {
                "x": [
                  0.667,
                  0.667,
                  0.667
                ],
                "y": [
                  1,
                  1,
                  1
                ]
              },
              "o": {
                "x": [
                  0.333,
                  0.333,
                  0.333
                ],
                "y": [
                  0,
                  0,
                  0
                ]
              },
              "t": 10,
              "s": [
                55,
                55,
                100
              ]
            },
            {
              "i": {
                "x": [
                  0.667,
                  0.667,
                  0.667
                ],
                "y": [
                  1,
                  1,
                  1
                ]
              },
              "o": {
                "x": [
                  0.333,
                  0.333,
                  0.333
                ],
                "y": [
                  0,
                  0,
                  0
                ]
              },
              "t": 15,
              "s": [
                65,
                65,
                100
              ]
            },
            {
              "i": {
                "x": [
                  0.667,
                  0.667,
                  0.667
                ],
                "y": [
                  1,
                  1,
                  1
                ]
              },
              "o": {
                "x": [
                  0.333,
                  0.333,
                  0.333
                ],
                "y": [
                  0,
                  0,
                  0
                ]
              },
              "t": 18.387,
              "s": [
                73,
                73,
                100
              ]
            },
            {
              "i": {
                "x": [
                  0.667,
                  0.667,
                  0.667
                ],
                "y": [
                  1,
                  1,
                  1
                ]
              },
              "o": {
                "x": [
                  0.333,
                  0.333,
                  0.333
                ],
                "y": [
                  0,
                  0,
                  0
                ]
              },
              "t": 21.774,
              "s": [
                55,
                55,
                100
              ]
            },
            {
              "i": {
                "x": [
                  0.667,
                  0.667,
                  0.667
                ],
                "y": [
                  1,
                  1,
                  1
                ]
              },
              "o": {
                "x": [
                  0.333,
                  0.333,
                  0.333
                ],
                "y": [
                  0,
                  0,
                  0
                ]
              },
              "t": 25.161,
              "s": [
                65,
                65,
                100
              ]
            },
            {
              "i": {
                "x": [
                  0.667,
                  0.667,
                  0.667
                ],
                "y": [
                  1,
                  1,
                  1
                ]
              },
              "o": {
                "x": [
                  0.333,
                  0.333,
                  0.333
                ],
                "y": [
                  0,
                  0,
                  0
                ]
              },
              "t": 34,
              "s": [
                65,
                65,
                100
              ]
            },
            {
              "i": {
                "x": [
                  0.667,
                  0.667,
                  0.667
                ],
                "y": [
                  1,
                  1,
                  1
                ]
              },
              "o": {
                "x": [
                  0.333,
                  0.333,
                  0.333
                ],
                "y": [
                  0,
                  0,
                  0
                ]
              },
              "t": 37.387,
              "s": [
                73,
                73,
                100
              ]
            },
            {
              "i": {
                "x": [
                  0.667,
                  0.667,
                  0.667
                ],
                "y": [
                  1,
                  1,
                  1
                ]
              },
              "o": {
                "x": [
                  0.333,
                  0.333,
                  0.333
                ],
                "y": [
                  0,
                  0,
                  0
                ]
              },
              "t": 42,
              "s": [
                55,
                55,
                100
              ]
            },
            {
              "i": {
                "x": [
                  0.667,
                  0.667,
                  0.667
                ],
                "y": [
                  1,
                  1,
                  1
                ]
              },
              "o": {
                "x": [
                  0.333,
                  0.333,
                  0.333
                ],
                "y": [
                  0,
                  0,
                  0
                ]
              },
              "t": 46,
              "s": [
                65,
                65,
                100
              ]
            },
            {
              "i": {
                "x": [
                  0.667,
                  0.667,
                  0.667
                ],
                "y": [
                  1,
                  1,
                  1
                ]
              },
              "o": {
                "x": [
                  0.333,
                  0.333,
                  0.333
                ],
                "y": [
                  0,
                  0,
                  0
                ]
              },
              "t": 51,
              "s": [
                73,
                73,
                100
              ]
            },
            {
              "i": {
                "x": [
                  0.667,
                  0.667,
                  0.667
                ],
                "y": [
                  1,
                  1,
                  1
                ]
              },
              "o": {
                "x": [
                  0.333,
                  0.333,
                  0.333
                ],
                "y": [
                  0,
                  0,
                  0
                ]
              },
              "t": 55,
              "s": [
                55,
                55,
                100
              ]
            },
            {
              "t": 59,
              "s": [
                65,
                65,
                100
              ]
            }
          ],
          "ix": 6
        }
      },
      "ao": 0,
      "ef": [
        {
          "ty": 5,
          "nm": "Glow",
          "np": 17,
          "mn": "ADBE Glo2",
          "ix": 1,
          "en": 1,
          "ef": [
            {
              "ty": 7,
              "nm": "Glow Based On",
              "mn": "ADBE Glo2-0001",
              "ix": 1,
              "v": {
                "a": 0,
                "k": 2,
                "ix": 1
              }
            },
            {
              "ty": 0,
              "nm": "Glow Threshold",
              "mn": "ADBE Glo2-0002",
              "ix": 2,
              "v": {
                "a": 1,
                "k": [
                  {
                    "i": {
                      "x": [
                        0.667
                      ],
                      "y": [
                        1
                      ]
                    },
                    "o": {
                      "x": [
                        0.333
                      ],
                      "y": [
                        0
                      ]
                    },
                    "t": 0,
                    "s": [
                      255
                    ]
                  },
                  {
                    "i": {
                      "x": [
                        0.667
                      ],
                      "y": [
                        1
                      ]
                    },
                    "o": {
                      "x": [
                        0.333
                      ],
                      "y": [
                        0
                      ]
                    },
                    "t": 5,
                    "s": [
                      102
                    ]
                  },
                  {
                    "i": {
                      "x": [
                        0.667
                      ],
                      "y": [
                        1
                      ]
                    },
                    "o": {
                      "x": [
                        0.333
                      ],
                      "y": [
                        0
                      ]
                    },
                    "t": 10,
                    "s": [
                      255
                    ]
                  },
                  {
                    "i": {
                      "x": [
                        0.667
                      ],
                      "y": [
                        1
                      ]
                    },
                    "o": {
                      "x": [
                        0.333
                      ],
                      "y": [
                        0
                      ]
                    },
                    "t": 15,
                    "s": [
                      102
                    ]
                  },
                  {
                    "i": {
                      "x": [
                        0.667
                      ],
                      "y": [
                        1
                      ]
                    },
                    "o": {
                      "x": [
                        0.333
                      ],
                      "y": [
                        0
                      ]
                    },
                    "t": 18,
                    "s": [
                      255
                    ]
                  },
                  {
                    "i": {
                      "x": [
                        0.667
                      ],
                      "y": [
                        1
                      ]
                    },
                    "o": {
                      "x": [
                        0.333
                      ],
                      "y": [
                        0
                      ]
                    },
                    "t": 25,
                    "s": [
                      102
                    ]
                  },
                  {
                    "i": {
                      "x": [
                        0.667
                      ],
                      "y": [
                        1
                      ]
                    },
                    "o": {
                      "x": [
                        0.333
                      ],
                      "y": [
                        0
                      ]
                    },
                    "t": 34,
                    "s": [
                      255
                    ]
                  },
                  {
                    "i": {
                      "x": [
                        0.667
                      ],
                      "y": [
                        1
                      ]
                    },
                    "o": {
                      "x": [
                        0.333
                      ],
                      "y": [
                        0
                      ]
                    },
                    "t": 37,
                    "s": [
                      102
                    ]
                  },
                  {
                    "i": {
                      "x": [
                        0.667
                      ],
                      "y": [
                        1
                      ]
                    },
                    "o": {
                      "x": [
                        0.333
                      ],
                      "y": [
                        0
                      ]
                    },
                    "t": 42,
                    "s": [
                      255
                    ]
                  },
                  {
                    "i": {
                      "x": [
                        0.667
                      ],
                      "y": [
                        1
                      ]
                    },
                    "o": {
                      "x": [
                        0.333
                      ],
                      "y": [
                        0
                      ]
                    },
                    "t": 46,
                    "s": [
                      102
                    ]
                  },
                  {
                    "i": {
                      "x": [
                        0.667
                      ],
                      "y": [
                        1
                      ]
                    },
                    "o": {
                      "x": [
                        0.333
                      ],
                      "y": [
                        0
                      ]
                    },
                    "t": 51,
                    "s": [
                      255
                    ]
                  },
                  {
                    "i": {
                      "x": [
                        0.667
                      ],
                      "y": [
                        1
                      ]
                    },
                    "o": {
                      "x": [
                        0.333
                      ],
                      "y": [
                        0
                      ]
                    },
                    "t": 55,
                    "s": [
                      102
                    ]
                  },
                  {
                    "t": 59,
                    "s": [
                      255
                    ]
                  }
                ],
                "ix": 2
              }
            },
            {
              "ty": 0,
              "nm": "Glow Radius",
              "mn": "ADBE Glo2-0003",
              "ix": 3,
              "v": {
                "a": 0,
                "k": 169,
                "ix": 3
              }
            },
            {
              "ty": 0,
              "nm": "Glow Intensity",
              "mn": "ADBE Glo2-0004",
              "ix": 4,
              "v": {
                "a": 0,
                "k": 2.66,
                "ix": 4
              }
            },
            {
              "ty": 7,
              "nm": "Composite Original",
              "mn": "ADBE Glo2-0005",
              "ix": 5,
              "v": {
                "a": 0,
                "k": 1,
                "ix": 5
              }
            },
            {
              "ty": 7,
              "nm": "Glow Operation",
              "mn": "ADBE Glo2-0006",
              "ix": 6,
              "v": {
                "a": 0,
                "k": 3,
                "ix": 6
              }
            },
            {
              "ty": 7,
              "nm": "Glow Colors",
              "mn": "ADBE Glo2-0007",
              "ix": 7,
              "v": {
                "a": 0,
                "k": 2,
                "ix": 7
              }
            },
            {
              "ty": 7,
              "nm": "Color Looping",
              "mn": "ADBE Glo2-0008",
              "ix": 8,
              "v": {
                "a": 0,
                "k": 3,
                "ix": 8
              }
            },
            {
              "ty": 0,
              "nm": "Color Loops",
              "mn": "ADBE Glo2-0009",
              "ix": 9,
              "v": {
                "a": 0,
                "k": 1,
                "ix": 9
              }
            },
            {
              "ty": 0,
              "nm": "Color Phase",
              "mn": "ADBE Glo2-0010",
              "ix": 10,
              "v": {
                "a": 0,
                "k": 0,
                "ix": 10
              }
            },
            {
              "ty": 0,
              "nm": "A & B Midpoint",
              "mn": "ADBE Glo2-0011",
              "ix": 11,
              "v": {
                "a": 0,
                "k": 0.5,
                "ix": 11
              }
            },
            {
              "ty": 2,
              "nm": "Color A",
              "mn": "ADBE Glo2-0012",
              "ix": 12,
              "v": {
                "a": 0,
                "k": [
                  1,
                  0.996078431606,
                  0.35686275363,
                  1
                ],
                "ix": 12
              }
            },
            {
              "ty": 2,
              "nm": "Color B",
              "mn": "ADBE Glo2-0013",
              "ix": 13,
              "v": {
                "a": 0,
                "k": [
                  0.666666686535,
                  0.882352948189,
                  0.0941176489,
                  1
                ],
                "ix": 13
              }
            },
            {
              "ty": 7,
              "nm": "Glow Dimensions",
              "mn": "ADBE Glo2-0014",
              "ix": 14,
              "v": {
                "a": 0,
                "k": 1,
                "ix": 14
              }
            },
            {
              "ty": 7,
              "nm": "GPU Rendering",
              "mn": "ADBE Force CPU GPU",
              "ix": 15,
              "v": {
                "a": 0,
                "k": 1,
                "ix": 15
              }
            }
          ]
        }
      ],
      "ip": 0,
      "op": 60,
      "st": 0,
      "bm": 0
    },
    {
      "ddd": 0,
      "ind": 2,
      "ty": 2,
      "nm": "round.png",
      "cl": "png",
      "refId": "image_1",
      "sr": 1,
      "ks": {
        "o": {
          "a": 1,
          "k": [
            {
              "i": {
                "x": [
                  0.667
                ],
                "y": [
                  1
                ]
              },
              "o": {
                "x": [
                  0.333
                ],
                "y": [
                  0
                ]
              },
              "t": 40.039,
              "s": [
                0
              ]
            },
            {
              "i": {
                "x": [
                  0.667
                ],
                "y": [
                  1
                ]
              },
              "o": {
                "x": [
                  0.333
                ],
                "y": [
                  0
                ]
              },
              "t": 50,
              "s": [
                58
              ]
            },
            {
              "t": 60,
              "s": [
                0
              ]
            }
          ],
          "ix": 11
        },
        "r": {
          "a": 0,
          "k": 0,
          "ix": 10
        },
        "p": {
          "a": 0,
          "k": [
            160,
            158.5,
            0
          ],
          "ix": 2
        },
        "a": {
          "a": 0,
          "k": [
            92,
            93.5,
            0
          ],
          "ix": 1
        },
        "s": {
          "a": 1,
          "k": [
            {
              "i": {
                "x": [
                  0.667,
                  0.667,
                  0.667
                ],
                "y": [
                  1,
                  1,
                  1
                ]
              },
              "o": {
                "x": [
                  0.333,
                  0.333,
                  0.333
                ],
                "y": [
                  0,
                  0,
                  0
                ]
              },
              "t": 40.039,
              "s": [
                53,
                53,
                100
              ]
            },
            {
              "t": 60,
              "s": [
                63,
                63,
                100
              ]
            }
          ],
          "ix": 6
        }
      },
      "ao": 0,
      "ip": 40,
      "op": 60,
      "st": 34,
      "bm": 0
    },
    {
      "ddd": 0,
      "ind": 3,
      "ty": 2,
      "nm": "round.png",
      "cl": "png",
      "refId": "image_1",
      "sr": 1,
      "ks": {
        "o": {
          "a": 1,
          "k": [
            {
              "i": {
                "x": [
                  0.667
                ],
                "y": [
                  1
                ]
              },
              "o": {
                "x": [
                  0.333
                ],
                "y": [
                  0
                ]
              },
              "t": 28.039,
              "s": [
                0
              ]
            },
            {
              "i": {
                "x": [
                  0.667
                ],
                "y": [
                  1
                ]
              },
              "o": {
                "x": [
                  0.333
                ],
                "y": [
                  0
                ]
              },
              "t": 38,
              "s": [
                58
              ]
            },
            {
              "t": 48,
              "s": [
                0
              ]
            }
          ],
          "ix": 11
        },
        "r": {
          "a": 0,
          "k": 0,
          "ix": 10
        },
        "p": {
          "a": 0,
          "k": [
            160,
            158.5,
            0
          ],
          "ix": 2
        },
        "a": {
          "a": 0,
          "k": [
            92,
            93.5,
            0
          ],
          "ix": 1
        },
        "s": {
          "a": 1,
          "k": [
            {
              "i": {
                "x": [
                  0.667,
                  0.667,
                  0.667
                ],
                "y": [
                  1,
                  1,
                  1
                ]
              },
              "o": {
                "x": [
                  0.333,
                  0.333,
                  0.333
                ],
                "y": [
                  0,
                  0,
                  0
                ]
              },
              "t": 28.039,
              "s": [
                53,
                53,
                100
              ]
            },
            {
              "t": 48,
              "s": [
                63,
                63,
                100
              ]
            }
          ],
          "ix": 6
        }
      },
      "ao": 0,
      "ip": 28,
      "op": 48,
      "st": 22,
      "bm": 0
    },
    {
      "ddd": 0,
      "ind": 4,
      "ty": 2,
      "nm": "round.png",
      "cl": "png",
      "refId": "image_1",
      "sr": 1,
      "ks": {
        "o": {
          "a": 1,
          "k": [
            {
              "i": {
                "x": [
                  0.667
                ],
                "y": [
                  1
                ]
              },
              "o": {
                "x": [
                  0.333
                ],
                "y": [
                  0
                ]
              },
              "t": 14.039,
              "s": [
                0
              ]
            },
            {
              "i": {
                "x": [
                  0.667
                ],
                "y": [
                  1
                ]
              },
              "o": {
                "x": [
                  0.333
                ],
                "y": [
                  0
                ]
              },
              "t": 24,
              "s": [
                58
              ]
            },
            {
              "t": 34,
              "s": [
                0
              ]
            }
          ],
          "ix": 11
        },
        "r": {
          "a": 0,
          "k": 0,
          "ix": 10
        },
        "p": {
          "a": 0,
          "k": [
            160,
            158.5,
            0
          ],
          "ix": 2
        },
        "a": {
          "a": 0,
          "k": [
            92,
            93.5,
            0
          ],
          "ix": 1
        },
        "s": {
          "a": 1,
          "k": [
            {
              "i": {
                "x": [
                  0.667,
                  0.667,
                  0.667
                ],
                "y": [
                  1,
                  1,
                  1
                ]
              },
              "o": {
                "x": [
                  0.333,
                  0.333,
                  0.333
                ],
                "y": [
                  0,
                  0,
                  0
                ]
              },
              "t": 14.039,
              "s": [
                53,
                53,
                100
              ]
            },
            {
              "t": 34,
              "s": [
                63,
                63,
                100
              ]
            }
          ],
          "ix": 6
        }
      },
      "ao": 0,
      "ip": 14,
      "op": 34,
      "st": 8,
      "bm": 0
    },
    {
      "ddd": 0,
      "ind": 5,
      "ty": 2,
      "nm": "round.png",
      "cl": "png",
      "refId": "image_1",
      "sr": 1,
      "ks": {
        "o": {
          "a": 1,
          "k": [
            {
              "i": {
                "x": [
                  0.667
                ],
                "y": [
                  1
                ]
              },
              "o": {
                "x": [
                  0.333
                ],
                "y": [
                  0
                ]
              },
              "t": 9,
              "s": [
                63
              ]
            },
            {
              "t": 19,
              "s": [
                0
              ]
            }
          ],
          "ix": 11
        },
        "r": {
          "a": 0,
          "k": 0,
          "ix": 10
        },
        "p": {
          "a": 0,
          "k": [
            160,
            158.5,
            0
          ],
          "ix": 2
        },
        "a": {
          "a": 0,
          "k": [
            92,
            93.5,
            0
          ],
          "ix": 1
        },
        "s": {
          "a": 1,
          "k": [
            {
              "i": {
                "x": [
                  0.667,
                  0.667,
                  0.667
                ],
                "y": [
                  1,
                  1,
                  1
                ]
              },
              "o": {
                "x": [
                  0.333,
                  0.333,
                  0.333
                ],
                "y": [
                  0,
                  0,
                  0
                ]
              },
              "t": 0,
              "s": [
                53,
                53,
                100
              ]
            },
            {
              "t": 19,
              "s": [
                63,
                63,
                100
              ]
            }
          ],
          "ix": 6
        }
      },
      "ao": 0,
      "ip": 0,
      "op": 20,
      "st": 0,
      "bm": 0
    }
  ],
  "markers": []
}