{
  "v": "5.5.9",
  "fr": 30,
  "ip": 0,
  "op": 60,
  "w": 300,
  "h": 300,
  "nm": "mood",
  "ddd": 0,
  "assets": [],
  "layers": [
    {
      "ddd": 0,
      "ind": 1,
      "ty": 4,
      "nm": "MOOD Outlines 2",
      "sr": 1,
      "ks": {
        "o": {
          "a": 0,
          "k": 100,
          "ix": 11
        },
        "r": {
          "a": 0,
          "k": 0,
          "ix": 10
        },
        "p": {
          "a": 0,
          "k": [
            150,
            150,
            0
          ],
          "ix": 2
        },
        "a": {
          "a": 0,
          "k": [
            77.679,
            -28.48,
            0
          ],
          "ix": 1
        },
        "s": {
          "a": 1,
          "k": [
            {
              "i": {
                "x": [
                  0.667,
                  0.667,
                  0.667
                ],
                "y": [
                  1,
                  1,
                  1
                ]
              },
              "o": {
                "x": [
                  0.333,
                  0.333,
                  0.333
                ],
                "y": [
                  0,
                  0,
                  0
                ]
              },
              "t": 29,
              "s": [
                100,
                100,
                100
              ]
            },
            {
              "i": {
                "x": [
                  0.667,
                  0.667,
                  0.667
                ],
                "y": [
                  1,
                  1,
                  1
                ]
              },
              "o": {
                "x": [
                  0.333,
                  0.333,
                  0.333
                ],
                "y": [
                  0,
                  0,
                  0
                ]
              },
              "t": 34,
              "s": [
                106,
                106,
                100
              ]
            },
            {
              "i": {
                "x": [
                  0.667,
                  0.667,
                  0.667
                ],
                "y": [
                  1,
                  1,
                  1
                ]
              },
              "o": {
                "x": [
                  0.333,
                  0.333,
                  0.333
                ],
                "y": [
                  0,
                  0,
                  0
                ]
              },
              "t": 39,
              "s": [
                100,
                100,
                100
              ]
            },
            {
              "i": {
                "x": [
                  0.667,
                  0.667,
                  0.667
                ],
                "y": [
                  1,
                  1,
                  1
                ]
              },
              "o": {
                "x": [
                  0.333,
                  0.333,
                  0.333
                ],
                "y": [
                  0,
                  0,
                  0
                ]
              },
              "t": 44,
              "s": [
                106,
                106,
                100
              ]
            },
            {
              "i": {
                "x": [
                  0.667,
                  0.667,
                  0.667
                ],
                "y": [
                  1,
                  1,
                  1
                ]
              },
              "o": {
                "x": [
                  0.333,
                  0.333,
                  0.333
                ],
                "y": [
                  0,
                  0,
                  0
                ]
              },
              "t": 49,
              "s": [
                100,
                100,
                100
              ]
            },
            {
              "i": {
                "x": [
                  0.667,
                  0.667,
                  0.667
                ],
                "y": [
                  1,
                  1,
                  1
                ]
              },
              "o": {
                "x": [
                  0.333,
                  0.333,
                  0.333
                ],
                "y": [
                  0,
                  0,
                  0
                ]
              },
              "t": 54,
              "s": [
                106,
                106,
                100
              ]
            },
            {
              "t": 59,
              "s": [
                100,
                100,
                100
              ]
            }
          ],
          "ix": 6
        }
      },
      "ao": 0,
      "shapes": [
        {
          "ty": "gr",
          "it": [
            {
              "ind": 0,
              "ty": "sh",
              "ix": 1,
              "ks": {
                "a": 0,
                "k": {
                  "i": [
                    [
                      0,
                      0
                    ],
                    [
                      0,
                      0
                    ],
                    [
                      0,
                      0
                    ],
                    [
                      0,
                      0
                    ],
                    [
                      0,
                      0
                    ],
                    [
                      0,
                      0
                    ],
                    [
                      0,
                      0
                    ],
                    [
                      0,
                      0
                    ],
                    [
                      0,
                      0
                    ],
                    [
                      0,
                      0
                    ],
                    [
                      0,
                      0
                    ],
                    [
                      0,
                      0
                    ],
                    [
                      0,
                      0
                    ],
                    [
                      0,
                      0
                    ],
                    [
                      0,
                      0
                    ],
                    [
                      0,
                      0
                    ]
                  ],
                  "o": [
                    [
                      0,
                      0
                    ],
                    [
                      0,
                      0
                    ],
                    [
                      0,
                      0
                    ],
                    [
                      0,
                      0
                    ],
                    [
                      0,
                      0
                    ],
                    [
                      0,
                      0
                    ],
                    [
                      0,
                      0
                    ],
                    [
                      0,
                      0
                    ],
                    [
                      0,
                      0
                    ],
                    [
                      0,
                      0
                    ],
                    [
                      0,
                      0
                    ],
                    [
                      0,
                      0
                    ],
                    [
                      0,
                      0
                    ],
                    [
                      0,
                      0
                    ],
                    [
                      0,
                      0
                    ],
                    [
                      0,
                      0
                    ]
                  ],
                  "v": [
                    [
                      12,
                      0
                    ],
                    [
                      12,
                      -34.64
                    ],
                    [
                      12.16,
                      -34.64
                    ],
                    [
                      20.16,
                      -10.16
                    ],
                    [
                      24.24,
                      -10.16
                    ],
                    [
                      32.32,
                      -34.64
                    ],
                    [
                      32.48,
                      -34.64
                    ],
                    [
                      32.48,
                      0
                    ],
                    [
                      40.64,
                      0
                    ],
                    [
                      40.64,
                      -56.96
                    ],
                    [
                      32.72,
                      -56.96
                    ],
                    [
                      22.32,
                      -26.8
                    ],
                    [
                      22.16,
                      -26.8
                    ],
                    [
                      11.68,
                      -56.96
                    ],
                    [
                      3.84,
                      -56.96
                    ],
                    [
                      3.84,
                      0
                    ]
                  ],
                  "c": true
                },
                "ix": 2
              },
              "nm": "M",
              "mn": "ADBE Vector Shape - Group",
              "hd": false
            },
            {
              "ty": "st",
              "c": {
                "a": 0,
                "k": [
                  1,
                  0,
                  0,
                  1
                ],
                "ix": 3
              },
              "o": {
                "a": 0,
                "k": 100,
                "ix": 4
              },
              "w": {
                "a": 0,
                "k": 1,
                "ix": 5
              },
              "lc": 1,
              "lj": 1,
              "ml": 4,
              "bm": 0,
              "nm": "Stroke 1",
              "mn": "ADBE Vector Graphic - Stroke",
              "hd": false
            },
            {
              "ty": "tr",
              "p": {
                "a": 0,
                "k": [
                  0,
                  0
                ],
                "ix": 2
              },
              "a": {
                "a": 0,
                "k": [
                  0,
                  0
                ],
                "ix": 1
              },
              "s": {
                "a": 0,
                "k": [
                  100,
                  100
                ],
                "ix": 3
              },
              "r": {
                "a": 0,
                "k": 0,
                "ix": 6
              },
              "o": {
                "a": 0,
                "k": 100,
                "ix": 7
              },
              "sk": {
                "a": 0,
                "k": 0,
                "ix": 4
              },
              "sa": {
                "a": 0,
                "k": 0,
                "ix": 5
              },
              "nm": "Transform"
            }
          ],
          "nm": "M",
          "np": 3,
          "cix": 2,
          "bm": 0,
          "ix": 1,
          "mn": "ADBE Vector Group",
          "hd": false
        },
        {
          "ty": "gr",
          "it": [
            {
              "ind": 0,
              "ty": "sh",
              "ix": 1,
              "ks": {
                "a": 0,
                "k": {
                  "i": [
                    [
                      0,
                      0
                    ],
                    [
                      -0.8,
                      -1.706
                    ],
                    [
                      -1.334,
                      -1.12
                    ],
                    [
                      -1.627,
                      -0.586
                    ],
                    [
                      -1.654,
                      0
                    ],
                    [
                      -1.628,
                      0.586
                    ],
                    [
                      -1.334,
                      1.174
                    ],
                    [
                      -0.8,
                      1.708
                    ],
                    [
                      0,
                      2.4
                    ],
                    [
                      0,
                      0
                    ],
                    [
                      0.8,
                      1.76
                    ],
                    [
                      1.28,
                      1.174
                    ],
                    [
                      1.626,
                      0.587
                    ],
                    [
                      1.652,
                      0
                    ],
                    [
                      1.626,
                      -0.586
                    ],
                    [
                      1.28,
                      -1.12
                    ],
                    [
                      0.8,
                      -1.76
                    ],
                    [
                      0,
                      -2.292
                    ]
                  ],
                  "o": [
                    [
                      0,
                      2.4
                    ],
                    [
                      0.8,
                      1.708
                    ],
                    [
                      1.28,
                      1.174
                    ],
                    [
                      1.626,
                      0.586
                    ],
                    [
                      1.652,
                      0
                    ],
                    [
                      1.626,
                      -0.586
                    ],
                    [
                      1.28,
                      -1.12
                    ],
                    [
                      0.8,
                      -1.706
                    ],
                    [
                      0,
                      0
                    ],
                    [
                      0,
                      -2.292
                    ],
                    [
                      -0.8,
                      -1.76
                    ],
                    [
                      -1.334,
                      -1.12
                    ],
                    [
                      -1.628,
                      -0.586
                    ],
                    [
                      -1.654,
                      0
                    ],
                    [
                      -1.627,
                      0.587
                    ],
                    [
                      -1.334,
                      1.174
                    ],
                    [
                      -0.8,
                      1.76
                    ],
                    [
                      0,
                      0
                    ]
                  ],
                  "v": [
                    [
                      49.999,
                      -13.44
                    ],
                    [
                      51.199,
                      -7.28
                    ],
                    [
                      54.399,
                      -3.04
                    ],
                    [
                      58.759,
                      -0.4
                    ],
                    [
                      63.679,
                      0.48
                    ],
                    [
                      68.599,
                      -0.4
                    ],
                    [
                      73.039,
                      -3.04
                    ],
                    [
                      76.159,
                      -7.28
                    ],
                    [
                      77.359,
                      -13.44
                    ],
                    [
                      77.359,
                      -43.52
                    ],
                    [
                      76.159,
                      -49.6
                    ],
                    [
                      73.039,
                      -54
                    ],
                    [
                      68.599,
                      -56.56
                    ],
                    [
                      63.679,
                      -57.44
                    ],
                    [
                      58.759,
                      -56.56
                    ],
                    [
                      54.399,
                      -54
                    ],
                    [
                      51.199,
                      -49.6
                    ],
                    [
                      49.999,
                      -43.52
                    ]
                  ],
                  "c": true
                },
                "ix": 2
              },
              "nm": "O",
              "mn": "ADBE Vector Shape - Group",
              "hd": false
            },
            {
              "ind": 1,
              "ty": "sh",
              "ix": 2,
              "ks": {
                "a": 0,
                "k": {
                  "i": [
                    [
                      0,
                      0
                    ],
                    [
                      -1.094,
                      0.934
                    ],
                    [
                      -1.494,
                      0
                    ],
                    [
                      -1.094,
                      -0.932
                    ],
                    [
                      0,
                      -1.973
                    ],
                    [
                      0,
                      0
                    ],
                    [
                      1.092,
                      -0.932
                    ],
                    [
                      1.492,
                      0
                    ],
                    [
                      1.092,
                      0.934
                    ],
                    [
                      0,
                      1.974
                    ]
                  ],
                  "o": [
                    [
                      0,
                      -1.973
                    ],
                    [
                      1.092,
                      -0.932
                    ],
                    [
                      1.492,
                      0
                    ],
                    [
                      1.092,
                      0.934
                    ],
                    [
                      0,
                      0
                    ],
                    [
                      0,
                      1.974
                    ],
                    [
                      -1.094,
                      0.934
                    ],
                    [
                      -1.494,
                      0
                    ],
                    [
                      -1.094,
                      -0.932
                    ],
                    [
                      0,
                      0
                    ]
                  ],
                  "v": [
                    [
                      58.159,
                      -43.52
                    ],
                    [
                      59.799,
                      -47.88
                    ],
                    [
                      63.679,
                      -49.28
                    ],
                    [
                      67.559,
                      -47.88
                    ],
                    [
                      69.199,
                      -43.52
                    ],
                    [
                      69.199,
                      -13.44
                    ],
                    [
                      67.559,
                      -9.08
                    ],
                    [
                      63.679,
                      -7.68
                    ],
                    [
                      59.799,
                      -9.08
                    ],
                    [
                      58.159,
                      -13.44
                    ]
                  ],
                  "c": true
                },
                "ix": 2
              },
              "nm": "O",
              "mn": "ADBE Vector Shape - Group",
              "hd": false
            },
            {
              "ty": "mm",
              "mm": 1,
              "nm": "Merge Paths 1",
              "mn": "ADBE Vector Filter - Merge",
              "hd": false
            },
            {
              "ty": "st",
              "c": {
                "a": 0,
                "k": [
                  1,
                  0,
                  0,
                  1
                ],
                "ix": 3
              },
              "o": {
                "a": 0,
                "k": 100,
                "ix": 4
              },
              "w": {
                "a": 0,
                "k": 1,
                "ix": 5
              },
              "lc": 1,
              "lj": 1,
              "ml": 4,
              "bm": 0,
              "nm": "Stroke 1",
              "mn": "ADBE Vector Graphic - Stroke",
              "hd": false
            },
            {
              "ty": "tr",
              "p": {
                "a": 0,
                "k": [
                  0,
                  0
                ],
                "ix": 2
              },
              "a": {
                "a": 0,
                "k": [
                  0,
                  0
                ],
                "ix": 1
              },
              "s": {
                "a": 0,
                "k": [
                  100,
                  100
                ],
                "ix": 3
              },
              "r": {
                "a": 0,
                "k": 0,
                "ix": 6
              },
              "o": {
                "a": 0,
                "k": 100,
                "ix": 7
              },
              "sk": {
                "a": 0,
                "k": 0,
                "ix": 4
              },
              "sa": {
                "a": 0,
                "k": 0,
                "ix": 5
              },
              "nm": "Transform"
            }
          ],
          "nm": "O",
          "np": 5,
          "cix": 2,
          "bm": 0,
          "ix": 2,
          "mn": "ADBE Vector Group",
          "hd": false
        },
        {
          "ty": "gr",
          "it": [
            {
              "ind": 0,
              "ty": "sh",
              "ix": 1,
              "ks": {
                "a": 0,
                "k": {
                  "i": [
                    [
                      0,
                      0
                    ],
                    [
                      -0.8,
                      -1.706
                    ],
                    [
                      -1.334,
                      -1.12
                    ],
                    [
                      -1.628,
                      -0.586
                    ],
                    [
                      -1.654,
                      0
                    ],
                    [
                      -1.628,
                      0.586
                    ],
                    [
                      -1.334,
                      1.174
                    ],
                    [
                      -0.8,
                      1.708
                    ],
                    [
                      0,
                      2.4
                    ],
                    [
                      0,
                      0
                    ],
                    [
                      0.8,
                      1.76
                    ],
                    [
                      1.28,
                      1.174
                    ],
                    [
                      1.626,
                      0.587
                    ],
                    [
                      1.652,
                      0
                    ],
                    [
                      1.626,
                      -0.586
                    ],
                    [
                      1.28,
                      -1.12
                    ],
                    [
                      0.8,
                      -1.76
                    ],
                    [
                      0,
                      -2.292
                    ]
                  ],
                  "o": [
                    [
                      0,
                      2.4
                    ],
                    [
                      0.8,
                      1.708
                    ],
                    [
                      1.28,
                      1.174
                    ],
                    [
                      1.626,
                      0.586
                    ],
                    [
                      1.652,
                      0
                    ],
                    [
                      1.626,
                      -0.586
                    ],
                    [
                      1.28,
                      -1.12
                    ],
                    [
                      0.8,
                      -1.706
                    ],
                    [
                      0,
                      0
                    ],
                    [
                      0,
                      -2.292
                    ],
                    [
                      -0.8,
                      -1.76
                    ],
                    [
                      -1.334,
                      -1.12
                    ],
                    [
                      -1.628,
                      -0.586
                    ],
                    [
                      -1.654,
                      0
                    ],
                    [
                      -1.628,
                      0.587
                    ],
                    [
                      -1.334,
                      1.174
                    ],
                    [
                      -0.8,
                      1.76
                    ],
                    [
                      0,
                      0
                    ]
                  ],
                  "v": [
                    [
                      86.238,
                      -13.44
                    ],
                    [
                      87.438,
                      -7.28
                    ],
                    [
                      90.638,
                      -3.04
                    ],
                    [
                      94.998,
                      -0.4
                    ],
                    [
                      99.918,
                      0.48
                    ],
                    [
                      104.838,
                      -0.4
                    ],
                    [
                      109.278,
                      -3.04
                    ],
                    [
                      112.398,
                      -7.28
                    ],
                    [
                      113.598,
                      -13.44
                    ],
                    [
                      113.598,
                      -43.52
                    ],
                    [
                      112.398,
                      -49.6
                    ],
                    [
                      109.278,
                      -54
                    ],
                    [
                      104.838,
                      -56.56
                    ],
                    [
                      99.918,
                      -57.44
                    ],
                    [
                      94.998,
                      -56.56
                    ],
                    [
                      90.638,
                      -54
                    ],
                    [
                      87.438,
                      -49.6
                    ],
                    [
                      86.238,
                      -43.52
                    ]
                  ],
                  "c": true
                },
                "ix": 2
              },
              "nm": "O",
              "mn": "ADBE Vector Shape - Group",
              "hd": false
            },
            {
              "ind": 1,
              "ty": "sh",
              "ix": 2,
              "ks": {
                "a": 0,
                "k": {
                  "i": [
                    [
                      0,
                      0
                    ],
                    [
                      -1.094,
                      0.934
                    ],
                    [
                      -1.494,
                      0
                    ],
                    [
                      -1.094,
                      -0.932
                    ],
                    [
                      0,
                      -1.973
                    ],
                    [
                      0,
                      0
                    ],
                    [
                      1.092,
                      -0.932
                    ],
                    [
                      1.492,
                      0
                    ],
                    [
                      1.092,
                      0.934
                    ],
                    [
                      0,
                      1.974
                    ]
                  ],
                  "o": [
                    [
                      0,
                      -1.973
                    ],
                    [
                      1.092,
                      -0.932
                    ],
                    [
                      1.492,
                      0
                    ],
                    [
                      1.092,
                      0.934
                    ],
                    [
                      0,
                      0
                    ],
                    [
                      0,
                      1.974
                    ],
                    [
                      -1.094,
                      0.934
                    ],
                    [
                      -1.494,
                      0
                    ],
                    [
                      -1.094,
                      -0.932
                    ],
                    [
                      0,
                      0
                    ]
                  ],
                  "v": [
                    [
                      94.398,
                      -43.52
                    ],
                    [
                      96.038,
                      -47.88
                    ],
                    [
                      99.918,
                      -49.28
                    ],
                    [
                      103.798,
                      -47.88
                    ],
                    [
                      105.438,
                      -43.52
                    ],
                    [
                      105.438,
                      -13.44
                    ],
                    [
                      103.798,
                      -9.08
                    ],
                    [
                      99.918,
                      -7.68
                    ],
                    [
                      96.038,
                      -9.08
                    ],
                    [
                      94.398,
                      -13.44
                    ]
                  ],
                  "c": true
                },
                "ix": 2
              },
              "nm": "O",
              "mn": "ADBE Vector Shape - Group",
              "hd": false
            },
            {
              "ty": "mm",
              "mm": 1,
              "nm": "Merge Paths 1",
              "mn": "ADBE Vector Filter - Merge",
              "hd": false
            },
            {
              "ty": "st",
              "c": {
                "a": 0,
                "k": [
                  1,
                  0,
                  0,
                  1
                ],
                "ix": 3
              },
              "o": {
                "a": 0,
                "k": 100,
                "ix": 4
              },
              "w": {
                "a": 0,
                "k": 1,
                "ix": 5
              },
              "lc": 1,
              "lj": 1,
              "ml": 4,
              "bm": 0,
              "nm": "Stroke 1",
              "mn": "ADBE Vector Graphic - Stroke",
              "hd": false
            },
            {
              "ty": "tr",
              "p": {
                "a": 0,
                "k": [
                  0,
                  0
                ],
                "ix": 2
              },
              "a": {
                "a": 0,
                "k": [
                  0,
                  0
                ],
                "ix": 1
              },
              "s": {
                "a": 0,
                "k": [
                  100,
                  100
                ],
                "ix": 3
              },
              "r": {
                "a": 0,
                "k": 0,
                "ix": 6
              },
              "o": {
                "a": 0,
                "k": 100,
                "ix": 7
              },
              "sk": {
                "a": 0,
                "k": 0,
                "ix": 4
              },
              "sa": {
                "a": 0,
                "k": 0,
                "ix": 5
              },
              "nm": "Transform"
            }
          ],
          "nm": "O",
          "np": 5,
          "cix": 2,
          "bm": 0,
          "ix": 3,
          "mn": "ADBE Vector Group",
          "hd": false
        },
        {
          "ty": "gr",
          "it": [
            {
              "ind": 0,
              "ty": "sh",
              "ix": 1,
              "ks": {
                "a": 0,
                "k": {
                  "i": [
                    [
                      0,
                      0
                    ],
                    [
                      -2.587,
                      2.534
                    ],
                    [
                      0,
                      5.334
                    ],
                    [
                      0,
                      0
                    ],
                    [
                      2.426,
                      2.56
                    ],
                    [
                      4.693,
                      0
                    ],
                    [
                      0,
                      0
                    ],
                    [
                      0,
                      0
                    ]
                  ],
                  "o": [
                    [
                      4.853,
                      0
                    ],
                    [
                      2.586,
                      -2.533
                    ],
                    [
                      0,
                      0
                    ],
                    [
                      0,
                      -4.693
                    ],
                    [
                      -2.428,
                      -2.56
                    ],
                    [
                      0,
                      0
                    ],
                    [
                      0,
                      0
                    ],
                    [
                      0,
                      0
                    ]
                  ],
                  "v": [
                    [
                      134.317,
                      0
                    ],
                    [
                      145.477,
                      -3.8
                    ],
                    [
                      149.357,
                      -15.6
                    ],
                    [
                      149.357,
                      -42.24
                    ],
                    [
                      145.717,
                      -53.12
                    ],
                    [
                      135.037,
                      -56.96
                    ],
                    [
                      122.957,
                      -56.96
                    ],
                    [
                      122.957,
                      0
                    ]
                  ],
                  "c": true
                },
                "ix": 2
              },
              "nm": "D",
              "mn": "ADBE Vector Shape - Group",
              "hd": false
            },
            {
              "ind": 1,
              "ty": "sh",
              "ix": 2,
              "ks": {
                "a": 0,
                "k": {
                  "i": [
                    [
                      0,
                      0
                    ],
                    [
                      -0.908,
                      -1.226
                    ],
                    [
                      0,
                      -2.24
                    ],
                    [
                      0,
                      0
                    ],
                    [
                      0.96,
                      -1.146
                    ],
                    [
                      2.293,
                      0
                    ],
                    [
                      0,
                      0
                    ],
                    [
                      0,
                      0
                    ]
                  ],
                  "o": [
                    [
                      2.4,
                      0
                    ],
                    [
                      0.906,
                      1.227
                    ],
                    [
                      0,
                      0
                    ],
                    [
                      0,
                      2.454
                    ],
                    [
                      -0.96,
                      1.147
                    ],
                    [
                      0,
                      0
                    ],
                    [
                      0,
                      0
                    ],
                    [
                      0,
                      0
                    ]
                  ],
                  "v": [
                    [
                      134.877,
                      -49.28
                    ],
                    [
                      139.837,
                      -47.44
                    ],
                    [
                      141.197,
                      -42.24
                    ],
                    [
                      141.197,
                      -14.8
                    ],
                    [
                      139.757,
                      -9.4
                    ],
                    [
                      134.877,
                      -7.68
                    ],
                    [
                      131.117,
                      -7.68
                    ],
                    [
                      131.117,
                      -49.28
                    ]
                  ],
                  "c": true
                },
                "ix": 2
              },
              "nm": "D",
              "mn": "ADBE Vector Shape - Group",
              "hd": false
            },
            {
              "ty": "mm",
              "mm": 1,
              "nm": "Merge Paths 1",
              "mn": "ADBE Vector Filter - Merge",
              "hd": false
            },
            {
              "ty": "st",
              "c": {
                "a": 0,
                "k": [
                  1,
                  0,
                  0,
                  1
                ],
                "ix": 3
              },
              "o": {
                "a": 0,
                "k": 100,
                "ix": 4
              },
              "w": {
                "a": 0,
                "k": 1,
                "ix": 5
              },
              "lc": 1,
              "lj": 1,
              "ml": 4,
              "bm": 0,
              "nm": "Stroke 1",
              "mn": "ADBE Vector Graphic - Stroke",
              "hd": false
            },
            {
              "ty": "tr",
              "p": {
                "a": 0,
                "k": [
                  0,
                  0
                ],
                "ix": 2
              },
              "a": {
                "a": 0,
                "k": [
                  0,
                  0
                ],
                "ix": 1
              },
              "s": {
                "a": 0,
                "k": [
                  100,
                  100
                ],
                "ix": 3
              },
              "r": {
                "a": 0,
                "k": 0,
                "ix": 6
              },
              "o": {
                "a": 0,
                "k": 100,
                "ix": 7
              },
              "sk": {
                "a": 0,
                "k": 0,
                "ix": 4
              },
              "sa": {
                "a": 0,
                "k": 0,
                "ix": 5
              },
              "nm": "Transform"
            }
          ],
          "nm": "D",
          "np": 5,
          "cix": 2,
          "bm": 0,
          "ix": 4,
          "mn": "ADBE Vector Group",
          "hd": false
        },
        {
          "ty": "tm",
          "s": {
            "a": 1,
            "k": [
              {
                "i": {
                  "x": [
                    0.667
                  ],
                  "y": [
                    1
                  ]
                },
                "o": {
                  "x": [
                    0.333
                  ],
                  "y": [
                    0
                  ]
                },
                "t": 0,
                "s": [
                  100
                ]
              },
              {
                "t": 30,
                "s": [
                  0
                ]
              }
            ],
            "ix": 1
          },
          "e": {
            "a": 0,
            "k": 100,
            "ix": 2
          },
          "o": {
            "a": 0,
            "k": 0,
            "ix": 3
          },
          "m": 1,
          "ix": 5,
          "nm": "Trim Paths 1",
          "mn": "ADBE Vector Filter - Trim",
          "hd": false
        }
      ],
      "ip": 0,
      "op": 60,
      "st": 0,
      "bm": 0
    },
    {
      "ddd": 0,
      "ind": 2,
      "ty": 4,
      "nm": "MOOD Outlines",
      "sr": 1,
      "ks": {
        "o": {
          "a": 1,
          "k": [
            {
              "i": {
                "x": [
                  0.667
                ],
                "y": [
                  1
                ]
              },
              "o": {
                "x": [
                  0.333
                ],
                "y": [
                  0
                ]
              },
              "t": 29,
              "s": [
                0
              ]
            },
            {
              "i": {
                "x": [
                  0.667
                ],
                "y": [
                  1
                ]
              },
              "o": {
                "x": [
                  0.333
                ],
                "y": [
                  0
                ]
              },
              "t": 34,
              "s": [
                100
              ]
            },
            {
              "i": {
                "x": [
                  0.667
                ],
                "y": [
                  1
                ]
              },
              "o": {
                "x": [
                  0.333
                ],
                "y": [
                  0
                ]
              },
              "t": 39,
              "s": [
                0
              ]
            },
            {
              "i": {
                "x": [
                  0.667
                ],
                "y": [
                  1
                ]
              },
              "o": {
                "x": [
                  0.333
                ],
                "y": [
                  0
                ]
              },
              "t": 44,
              "s": [
                100
              ]
            },
            {
              "i": {
                "x": [
                  0.667
                ],
                "y": [
                  1
                ]
              },
              "o": {
                "x": [
                  0.333
                ],
                "y": [
                  0
                ]
              },
              "t": 49,
              "s": [
                0
              ]
            },
            {
              "i": {
                "x": [
                  0.667
                ],
                "y": [
                  1
                ]
              },
              "o": {
                "x": [
                  0.333
                ],
                "y": [
                  0
                ]
              },
              "t": 54,
              "s": [
                100
              ]
            },
            {
              "t": 59,
              "s": [
                0
              ]
            }
          ],
          "ix": 11
        },
        "r": {
          "a": 0,
          "k": 0,
          "ix": 10
        },
        "p": {
          "a": 0,
          "k": [
            150,
            150,
            0
          ],
          "ix": 2
        },
        "a": {
          "a": 0,
          "k": [
            77.679,
            -28.48,
            0
          ],
          "ix": 1
        },
        "s": {
          "a": 1,
          "k": [
            {
              "i": {
                "x": [
                  0.667,
                  0.667,
                  0.667
                ],
                "y": [
                  1,
                  1,
                  1
                ]
              },
              "o": {
                "x": [
                  0.333,
                  0.333,
                  0.333
                ],
                "y": [
                  0,
                  0,
                  0
                ]
              },
              "t": 29,
              "s": [
                100,
                100,
                100
              ]
            },
            {
              "i": {
                "x": [
                  0.667,
                  0.667,
                  0.667
                ],
                "y": [
                  1,
                  1,
                  1
                ]
              },
              "o": {
                "x": [
                  0.333,
                  0.333,
                  0.333
                ],
                "y": [
                  0,
                  0,
                  0
                ]
              },
              "t": 34,
              "s": [
                106,
                106,
                100
              ]
            },
            {
              "i": {
                "x": [
                  0.667,
                  0.667,
                  0.667
                ],
                "y": [
                  1,
                  1,
                  1
                ]
              },
              "o": {
                "x": [
                  0.333,
                  0.333,
                  0.333
                ],
                "y": [
                  0,
                  0,
                  0
                ]
              },
              "t": 39,
              "s": [
                100,
                100,
                100
              ]
            },
            {
              "i": {
                "x": [
                  0.667,
                  0.667,
                  0.667
                ],
                "y": [
                  1,
                  1,
                  1
                ]
              },
              "o": {
                "x": [
                  0.333,
                  0.333,
                  0.333
                ],
                "y": [
                  0,
                  0,
                  0
                ]
              },
              "t": 44,
              "s": [
                106,
                106,
                100
              ]
            },
            {
              "i": {
                "x": [
                  0.667,
                  0.667,
                  0.667
                ],
                "y": [
                  1,
                  1,
                  1
                ]
              },
              "o": {
                "x": [
                  0.333,
                  0.333,
                  0.333
                ],
                "y": [
                  0,
                  0,
                  0
                ]
              },
              "t": 49,
              "s": [
                100,
                100,
                100
              ]
            },
            {
              "i": {
                "x": [
                  0.667,
                  0.667,
                  0.667
                ],
                "y": [
                  1,
                  1,
                  1
                ]
              },
              "o": {
                "x": [
                  0.333,
                  0.333,
                  0.333
                ],
                "y": [
                  0,
                  0,
                  0
                ]
              },
              "t": 54,
              "s": [
                106,
                106,
                100
              ]
            },
            {
              "t": 59,
              "s": [
                100,
                100,
                100
              ]
            }
          ],
          "ix": 6
        }
      },
      "ao": 0,
      "shapes": [
        {
          "ty": "gr",
          "it": [
            {
              "ind": 0,
              "ty": "sh",
              "ix": 1,
              "ks": {
                "a": 0,
                "k": {
                  "i": [
                    [
                      0,
                      0
                    ],
                    [
                      0,
                      0
                    ],
                    [
                      0,
                      0
                    ],
                    [
                      0,
                      0
                    ],
                    [
                      0,
                      0
                    ],
                    [
                      0,
                      0
                    ],
                    [
                      0,
                      0
                    ],
                    [
                      0,
                      0
                    ],
                    [
                      0,
                      0
                    ],
                    [
                      0,
                      0
                    ],
                    [
                      0,
                      0
                    ],
                    [
                      0,
                      0
                    ],
                    [
                      0,
                      0
                    ],
                    [
                      0,
                      0
                    ],
                    [
                      0,
                      0
                    ],
                    [
                      0,
                      0
                    ]
                  ],
                  "o": [
                    [
                      0,
                      0
                    ],
                    [
                      0,
                      0
                    ],
                    [
                      0,
                      0
                    ],
                    [
                      0,
                      0
                    ],
                    [
                      0,
                      0
                    ],
                    [
                      0,
                      0
                    ],
                    [
                      0,
                      0
                    ],
                    [
                      0,
                      0
                    ],
                    [
                      0,
                      0
                    ],
                    [
                      0,
                      0
                    ],
                    [
                      0,
                      0
                    ],
                    [
                      0,
                      0
                    ],
                    [
                      0,
                      0
                    ],
                    [
                      0,
                      0
                    ],
                    [
                      0,
                      0
                    ],
                    [
                      0,
                      0
                    ]
                  ],
                  "v": [
                    [
                      12,
                      0
                    ],
                    [
                      12,
                      -34.64
                    ],
                    [
                      12.16,
                      -34.64
                    ],
                    [
                      20.16,
                      -10.16
                    ],
                    [
                      24.24,
                      -10.16
                    ],
                    [
                      32.32,
                      -34.64
                    ],
                    [
                      32.48,
                      -34.64
                    ],
                    [
                      32.48,
                      0
                    ],
                    [
                      40.64,
                      0
                    ],
                    [
                      40.64,
                      -56.96
                    ],
                    [
                      32.72,
                      -56.96
                    ],
                    [
                      22.32,
                      -26.8
                    ],
                    [
                      22.16,
                      -26.8
                    ],
                    [
                      11.68,
                      -56.96
                    ],
                    [
                      3.84,
                      -56.96
                    ],
                    [
                      3.84,
                      0
                    ]
                  ],
                  "c": true
                },
                "ix": 2
              },
              "nm": "M",
              "mn": "ADBE Vector Shape - Group",
              "hd": false
            },
            {
              "ty": "st",
              "c": {
                "a": 0,
                "k": [
                  1,
                  0,
                  0,
                  1
                ],
                "ix": 3
              },
              "o": {
                "a": 0,
                "k": 100,
                "ix": 4
              },
              "w": {
                "a": 0,
                "k": 1,
                "ix": 5
              },
              "lc": 1,
              "lj": 1,
              "ml": 4,
              "bm": 0,
              "nm": "Stroke 1",
              "mn": "ADBE Vector Graphic - Stroke",
              "hd": false
            },
            {
              "ty": "fl",
              "c": {
                "a": 0,
                "k": [
                  0.981862745098,
                  0,
                  0,
                  1
                ],
                "ix": 4
              },
              "o": {
                "a": 0,
                "k": 100,
                "ix": 5
              },
              "r": 1,
              "bm": 0,
              "nm": "Fill 1",
              "mn": "ADBE Vector Graphic - Fill",
              "hd": false
            },
            {
              "ty": "tr",
              "p": {
                "a": 0,
                "k": [
                  0,
                  0
                ],
                "ix": 2
              },
              "a": {
                "a": 0,
                "k": [
                  0,
                  0
                ],
                "ix": 1
              },
              "s": {
                "a": 0,
                "k": [
                  100,
                  100
                ],
                "ix": 3
              },
              "r": {
                "a": 0,
                "k": 0,
                "ix": 6
              },
              "o": {
                "a": 0,
                "k": 100,
                "ix": 7
              },
              "sk": {
                "a": 0,
                "k": 0,
                "ix": 4
              },
              "sa": {
                "a": 0,
                "k": 0,
                "ix": 5
              },
              "nm": "Transform"
            }
          ],
          "nm": "M",
          "np": 3,
          "cix": 2,
          "bm": 0,
          "ix": 1,
          "mn": "ADBE Vector Group",
          "hd": false
        },
        {
          "ty": "gr",
          "it": [
            {
              "ind": 0,
              "ty": "sh",
              "ix": 1,
              "ks": {
                "a": 0,
                "k": {
                  "i": [
                    [
                      0,
                      0
                    ],
                    [
                      -0.8,
                      -1.706
                    ],
                    [
                      -1.334,
                      -1.12
                    ],
                    [
                      -1.627,
                      -0.586
                    ],
                    [
                      -1.654,
                      0
                    ],
                    [
                      -1.628,
                      0.586
                    ],
                    [
                      -1.334,
                      1.174
                    ],
                    [
                      -0.8,
                      1.708
                    ],
                    [
                      0,
                      2.4
                    ],
                    [
                      0,
                      0
                    ],
                    [
                      0.8,
                      1.76
                    ],
                    [
                      1.28,
                      1.174
                    ],
                    [
                      1.626,
                      0.587
                    ],
                    [
                      1.652,
                      0
                    ],
                    [
                      1.626,
                      -0.586
                    ],
                    [
                      1.28,
                      -1.12
                    ],
                    [
                      0.8,
                      -1.76
                    ],
                    [
                      0,
                      -2.292
                    ]
                  ],
                  "o": [
                    [
                      0,
                      2.4
                    ],
                    [
                      0.8,
                      1.708
                    ],
                    [
                      1.28,
                      1.174
                    ],
                    [
                      1.626,
                      0.586
                    ],
                    [
                      1.652,
                      0
                    ],
                    [
                      1.626,
                      -0.586
                    ],
                    [
                      1.28,
                      -1.12
                    ],
                    [
                      0.8,
                      -1.706
                    ],
                    [
                      0,
                      0
                    ],
                    [
                      0,
                      -2.292
                    ],
                    [
                      -0.8,
                      -1.76
                    ],
                    [
                      -1.334,
                      -1.12
                    ],
                    [
                      -1.628,
                      -0.586
                    ],
                    [
                      -1.654,
                      0
                    ],
                    [
                      -1.627,
                      0.587
                    ],
                    [
                      -1.334,
                      1.174
                    ],
                    [
                      -0.8,
                      1.76
                    ],
                    [
                      0,
                      0
                    ]
                  ],
                  "v": [
                    [
                      49.999,
                      -13.44
                    ],
                    [
                      51.199,
                      -7.28
                    ],
                    [
                      54.399,
                      -3.04
                    ],
                    [
                      58.759,
                      -0.4
                    ],
                    [
                      63.679,
                      0.48
                    ],
                    [
                      68.599,
                      -0.4
                    ],
                    [
                      73.039,
                      -3.04
                    ],
                    [
                      76.159,
                      -7.28
                    ],
                    [
                      77.359,
                      -13.44
                    ],
                    [
                      77.359,
                      -43.52
                    ],
                    [
                      76.159,
                      -49.6
                    ],
                    [
                      73.039,
                      -54
                    ],
                    [
                      68.599,
                      -56.56
                    ],
                    [
                      63.679,
                      -57.44
                    ],
                    [
                      58.759,
                      -56.56
                    ],
                    [
                      54.399,
                      -54
                    ],
                    [
                      51.199,
                      -49.6
                    ],
                    [
                      49.999,
                      -43.52
                    ]
                  ],
                  "c": true
                },
                "ix": 2
              },
              "nm": "O",
              "mn": "ADBE Vector Shape - Group",
              "hd": false
            },
            {
              "ind": 1,
              "ty": "sh",
              "ix": 2,
              "ks": {
                "a": 0,
                "k": {
                  "i": [
                    [
                      0,
                      0
                    ],
                    [
                      -1.094,
                      0.934
                    ],
                    [
                      -1.494,
                      0
                    ],
                    [
                      -1.094,
                      -0.932
                    ],
                    [
                      0,
                      -1.973
                    ],
                    [
                      0,
                      0
                    ],
                    [
                      1.092,
                      -0.932
                    ],
                    [
                      1.492,
                      0
                    ],
                    [
                      1.092,
                      0.934
                    ],
                    [
                      0,
                      1.974
                    ]
                  ],
                  "o": [
                    [
                      0,
                      -1.973
                    ],
                    [
                      1.092,
                      -0.932
                    ],
                    [
                      1.492,
                      0
                    ],
                    [
                      1.092,
                      0.934
                    ],
                    [
                      0,
                      0
                    ],
                    [
                      0,
                      1.974
                    ],
                    [
                      -1.094,
                      0.934
                    ],
                    [
                      -1.494,
                      0
                    ],
                    [
                      -1.094,
                      -0.932
                    ],
                    [
                      0,
                      0
                    ]
                  ],
                  "v": [
                    [
                      58.159,
                      -43.52
                    ],
                    [
                      59.799,
                      -47.88
                    ],
                    [
                      63.679,
                      -49.28
                    ],
                    [
                      67.559,
                      -47.88
                    ],
                    [
                      69.199,
                      -43.52
                    ],
                    [
                      69.199,
                      -13.44
                    ],
                    [
                      67.559,
                      -9.08
                    ],
                    [
                      63.679,
                      -7.68
                    ],
                    [
                      59.799,
                      -9.08
                    ],
                    [
                      58.159,
                      -13.44
                    ]
                  ],
                  "c": true
                },
                "ix": 2
              },
              "nm": "O",
              "mn": "ADBE Vector Shape - Group",
              "hd": false
            },
            {
              "ty": "mm",
              "mm": 1,
              "nm": "Merge Paths 1",
              "mn": "ADBE Vector Filter - Merge",
              "hd": false
            },
            {
              "ty": "st",
              "c": {
                "a": 0,
                "k": [
                  1,
                  0,
                  0,
                  1
                ],
                "ix": 3
              },
              "o": {
                "a": 0,
                "k": 100,
                "ix": 4
              },
              "w": {
                "a": 0,
                "k": 1,
                "ix": 5
              },
              "lc": 1,
              "lj": 1,
              "ml": 4,
              "bm": 0,
              "nm": "Stroke 1",
              "mn": "ADBE Vector Graphic - Stroke",
              "hd": false
            },
            {
              "ty": "fl",
              "c": {
                "a": 0,
                "k": [
                  0.981862745098,
                  0,
                  0,
                  1
                ],
                "ix": 4
              },
              "o": {
                "a": 0,
                "k": 100,
                "ix": 5
              },
              "r": 1,
              "bm": 0,
              "nm": "Fill 1",
              "mn": "ADBE Vector Graphic - Fill",
              "hd": false
            },
            {
              "ty": "tr",
              "p": {
                "a": 0,
                "k": [
                  0,
                  0
                ],
                "ix": 2
              },
              "a": {
                "a": 0,
                "k": [
                  0,
                  0
                ],
                "ix": 1
              },
              "s": {
                "a": 0,
                "k": [
                  100,
                  100
                ],
                "ix": 3
              },
              "r": {
                "a": 0,
                "k": 0,
                "ix": 6
              },
              "o": {
                "a": 0,
                "k": 100,
                "ix": 7
              },
              "sk": {
                "a": 0,
                "k": 0,
                "ix": 4
              },
              "sa": {
                "a": 0,
                "k": 0,
                "ix": 5
              },
              "nm": "Transform"
            }
          ],
          "nm": "O",
          "np": 5,
          "cix": 2,
          "bm": 0,
          "ix": 2,
          "mn": "ADBE Vector Group",
          "hd": false
        },
        {
          "ty": "gr",
          "it": [
            {
              "ind": 0,
              "ty": "sh",
              "ix": 1,
              "ks": {
                "a": 0,
                "k": {
                  "i": [
                    [
                      0,
                      0
                    ],
                    [
                      -0.8,
                      -1.706
                    ],
                    [
                      -1.334,
                      -1.12
                    ],
                    [
                      -1.628,
                      -0.586
                    ],
                    [
                      -1.654,
                      0
                    ],
                    [
                      -1.628,
                      0.586
                    ],
                    [
                      -1.334,
                      1.174
                    ],
                    [
                      -0.8,
                      1.708
                    ],
                    [
                      0,
                      2.4
                    ],
                    [
                      0,
                      0
                    ],
                    [
                      0.8,
                      1.76
                    ],
                    [
                      1.28,
                      1.174
                    ],
                    [
                      1.626,
                      0.587
                    ],
                    [
                      1.652,
                      0
                    ],
                    [
                      1.626,
                      -0.586
                    ],
                    [
                      1.28,
                      -1.12
                    ],
                    [
                      0.8,
                      -1.76
                    ],
                    [
                      0,
                      -2.292
                    ]
                  ],
                  "o": [
                    [
                      0,
                      2.4
                    ],
                    [
                      0.8,
                      1.708
                    ],
                    [
                      1.28,
                      1.174
                    ],
                    [
                      1.626,
                      0.586
                    ],
                    [
                      1.652,
                      0
                    ],
                    [
                      1.626,
                      -0.586
                    ],
                    [
                      1.28,
                      -1.12
                    ],
                    [
                      0.8,
                      -1.706
                    ],
                    [
                      0,
                      0
                    ],
                    [
                      0,
                      -2.292
                    ],
                    [
                      -0.8,
                      -1.76
                    ],
                    [
                      -1.334,
                      -1.12
                    ],
                    [
                      -1.628,
                      -0.586
                    ],
                    [
                      -1.654,
                      0
                    ],
                    [
                      -1.628,
                      0.587
                    ],
                    [
                      -1.334,
                      1.174
                    ],
                    [
                      -0.8,
                      1.76
                    ],
                    [
                      0,
                      0
                    ]
                  ],
                  "v": [
                    [
                      86.238,
                      -13.44
                    ],
                    [
                      87.438,
                      -7.28
                    ],
                    [
                      90.638,
                      -3.04
                    ],
                    [
                      94.998,
                      -0.4
                    ],
                    [
                      99.918,
                      0.48
                    ],
                    [
                      104.838,
                      -0.4
                    ],
                    [
                      109.278,
                      -3.04
                    ],
                    [
                      112.398,
                      -7.28
                    ],
                    [
                      113.598,
                      -13.44
                    ],
                    [
                      113.598,
                      -43.52
                    ],
                    [
                      112.398,
                      -49.6
                    ],
                    [
                      109.278,
                      -54
                    ],
                    [
                      104.838,
                      -56.56
                    ],
                    [
                      99.918,
                      -57.44
                    ],
                    [
                      94.998,
                      -56.56
                    ],
                    [
                      90.638,
                      -54
                    ],
                    [
                      87.438,
                      -49.6
                    ],
                    [
                      86.238,
                      -43.52
                    ]
                  ],
                  "c": true
                },
                "ix": 2
              },
              "nm": "O",
              "mn": "ADBE Vector Shape - Group",
              "hd": false
            },
            {
              "ind": 1,
              "ty": "sh",
              "ix": 2,
              "ks": {
                "a": 0,
                "k": {
                  "i": [
                    [
                      0,
                      0
                    ],
                    [
                      -1.094,
                      0.934
                    ],
                    [
                      -1.494,
                      0
                    ],
                    [
                      -1.094,
                      -0.932
                    ],
                    [
                      0,
                      -1.973
                    ],
                    [
                      0,
                      0
                    ],
                    [
                      1.092,
                      -0.932
                    ],
                    [
                      1.492,
                      0
                    ],
                    [
                      1.092,
                      0.934
                    ],
                    [
                      0,
                      1.974
                    ]
                  ],
                  "o": [
                    [
                      0,
                      -1.973
                    ],
                    [
                      1.092,
                      -0.932
                    ],
                    [
                      1.492,
                      0
                    ],
                    [
                      1.092,
                      0.934
                    ],
                    [
                      0,
                      0
                    ],
                    [
                      0,
                      1.974
                    ],
                    [
                      -1.094,
                      0.934
                    ],
                    [
                      -1.494,
                      0
                    ],
                    [
                      -1.094,
                      -0.932
                    ],
                    [
                      0,
                      0
                    ]
                  ],
                  "v": [
                    [
                      94.398,
                      -43.52
                    ],
                    [
                      96.038,
                      -47.88
                    ],
                    [
                      99.918,
                      -49.28
                    ],
                    [
                      103.798,
                      -47.88
                    ],
                    [
                      105.438,
                      -43.52
                    ],
                    [
                      105.438,
                      -13.44
                    ],
                    [
                      103.798,
                      -9.08
                    ],
                    [
                      99.918,
                      -7.68
                    ],
                    [
                      96.038,
                      -9.08
                    ],
                    [
                      94.398,
                      -13.44
                    ]
                  ],
                  "c": true
                },
                "ix": 2
              },
              "nm": "O",
              "mn": "ADBE Vector Shape - Group",
              "hd": false
            },
            {
              "ty": "mm",
              "mm": 1,
              "nm": "Merge Paths 1",
              "mn": "ADBE Vector Filter - Merge",
              "hd": false
            },
            {
              "ty": "st",
              "c": {
                "a": 0,
                "k": [
                  1,
                  0,
                  0,
                  1
                ],
                "ix": 3
              },
              "o": {
                "a": 0,
                "k": 100,
                "ix": 4
              },
              "w": {
                "a": 0,
                "k": 1,
                "ix": 5
              },
              "lc": 1,
              "lj": 1,
              "ml": 4,
              "bm": 0,
              "nm": "Stroke 1",
              "mn": "ADBE Vector Graphic - Stroke",
              "hd": false
            },
            {
              "ty": "fl",
              "c": {
                "a": 0,
                "k": [
                  0.981862745098,
                  0,
                  0,
                  1
                ],
                "ix": 4
              },
              "o": {
                "a": 0,
                "k": 100,
                "ix": 5
              },
              "r": 1,
              "bm": 0,
              "nm": "Fill 1",
              "mn": "ADBE Vector Graphic - Fill",
              "hd": false
            },
            {
              "ty": "tr",
              "p": {
                "a": 0,
                "k": [
                  0,
                  0
                ],
                "ix": 2
              },
              "a": {
                "a": 0,
                "k": [
                  0,
                  0
                ],
                "ix": 1
              },
              "s": {
                "a": 0,
                "k": [
                  100,
                  100
                ],
                "ix": 3
              },
              "r": {
                "a": 0,
                "k": 0,
                "ix": 6
              },
              "o": {
                "a": 0,
                "k": 100,
                "ix": 7
              },
              "sk": {
                "a": 0,
                "k": 0,
                "ix": 4
              },
              "sa": {
                "a": 0,
                "k": 0,
                "ix": 5
              },
              "nm": "Transform"
            }
          ],
          "nm": "O",
          "np": 5,
          "cix": 2,
          "bm": 0,
          "ix": 3,
          "mn": "ADBE Vector Group",
          "hd": false
        },
        {
          "ty": "gr",
          "it": [
            {
              "ind": 0,
              "ty": "sh",
              "ix": 1,
              "ks": {
                "a": 0,
                "k": {
                  "i": [
                    [
                      0,
                      0
                    ],
                    [
                      -2.587,
                      2.534
                    ],
                    [
                      0,
                      5.334
                    ],
                    [
                      0,
                      0
                    ],
                    [
                      2.426,
                      2.56
                    ],
                    [
                      4.693,
                      0
                    ],
                    [
                      0,
                      0
                    ],
                    [
                      0,
                      0
                    ]
                  ],
                  "o": [
                    [
                      4.853,
                      0
                    ],
                    [
                      2.586,
                      -2.533
                    ],
                    [
                      0,
                      0
                    ],
                    [
                      0,
                      -4.693
                    ],
                    [
                      -2.428,
                      -2.56
                    ],
                    [
                      0,
                      0
                    ],
                    [
                      0,
                      0
                    ],
                    [
                      0,
                      0
                    ]
                  ],
                  "v": [
                    [
                      134.317,
                      0
                    ],
                    [
                      145.477,
                      -3.8
                    ],
                    [
                      149.357,
                      -15.6
                    ],
                    [
                      149.357,
                      -42.24
                    ],
                    [
                      145.717,
                      -53.12
                    ],
                    [
                      135.037,
                      -56.96
                    ],
                    [
                      122.957,
                      -56.96
                    ],
                    [
                      122.957,
                      0
                    ]
                  ],
                  "c": true
                },
                "ix": 2
              },
              "nm": "D",
              "mn": "ADBE Vector Shape - Group",
              "hd": false
            },
            {
              "ind": 1,
              "ty": "sh",
              "ix": 2,
              "ks": {
                "a": 0,
                "k": {
                  "i": [
                    [
                      0,
                      0
                    ],
                    [
                      -0.908,
                      -1.226
                    ],
                    [
                      0,
                      -2.24
                    ],
                    [
                      0,
                      0
                    ],
                    [
                      0.96,
                      -1.146
                    ],
                    [
                      2.293,
                      0
                    ],
                    [
                      0,
                      0
                    ],
                    [
                      0,
                      0
                    ]
                  ],
                  "o": [
                    [
                      2.4,
                      0
                    ],
                    [
                      0.906,
                      1.227
                    ],
                    [
                      0,
                      0
                    ],
                    [
                      0,
                      2.454
                    ],
                    [
                      -0.96,
                      1.147
                    ],
                    [
                      0,
                      0
                    ],
                    [
                      0,
                      0
                    ],
                    [
                      0,
                      0
                    ]
                  ],
                  "v": [
                    [
                      134.877,
                      -49.28
                    ],
                    [
                      139.837,
                      -47.44
                    ],
                    [
                      141.197,
                      -42.24
                    ],
                    [
                      141.197,
                      -14.8
                    ],
                    [
                      139.757,
                      -9.4
                    ],
                    [
                      134.877,
                      -7.68
                    ],
                    [
                      131.117,
                      -7.68
                    ],
                    [
                      131.117,
                      -49.28
                    ]
                  ],
                  "c": true
                },
                "ix": 2
              },
              "nm": "D",
              "mn": "ADBE Vector Shape - Group",
              "hd": false
            },
            {
              "ty": "mm",
              "mm": 1,
              "nm": "Merge Paths 1",
              "mn": "ADBE Vector Filter - Merge",
              "hd": false
            },
            {
              "ty": "st",
              "c": {
                "a": 0,
                "k": [
                  1,
                  0,
                  0,
                  1
                ],
                "ix": 3
              },
              "o": {
                "a": 0,
                "k": 100,
                "ix": 4
              },
              "w": {
                "a": 0,
                "k": 1,
                "ix": 5
              },
              "lc": 1,
              "lj": 1,
              "ml": 4,
              "bm": 0,
              "nm": "Stroke 1",
              "mn": "ADBE Vector Graphic - Stroke",
              "hd": false
            },
            {
              "ty": "fl",
              "c": {
                "a": 0,
                "k": [
                  0.981862745098,
                  0,
                  0,
                  1
                ],
                "ix": 4
              },
              "o": {
                "a": 0,
                "k": 100,
                "ix": 5
              },
              "r": 1,
              "bm": 0,
              "nm": "Fill 1",
              "mn": "ADBE Vector Graphic - Fill",
              "hd": false
            },
            {
              "ty": "tr",
              "p": {
                "a": 0,
                "k": [
                  0,
                  0
                ],
                "ix": 2
              },
              "a": {
                "a": 0,
                "k": [
                  0,
                  0
                ],
                "ix": 1
              },
              "s": {
                "a": 0,
                "k": [
                  100,
                  100
                ],
                "ix": 3
              },
              "r": {
                "a": 0,
                "k": 0,
                "ix": 6
              },
              "o": {
                "a": 0,
                "k": 100,
                "ix": 7
              },
              "sk": {
                "a": 0,
                "k": 0,
                "ix": 4
              },
              "sa": {
                "a": 0,
                "k": 0,
                "ix": 5
              },
              "nm": "Transform"
            }
          ],
          "nm": "D",
          "np": 5,
          "cix": 2,
          "bm": 0,
          "ix": 4,
          "mn": "ADBE Vector Group",
          "hd": false
        },
        {
          "ty": "tm",
          "s": {
            "a": 0,
            "k": 0,
            "ix": 1
          },
          "e": {
            "a": 0,
            "k": 100,
            "ix": 2
          },
          "o": {
            "a": 0,
            "k": 0,
            "ix": 3
          },
          "m": 1,
          "ix": 5,
          "nm": "Trim Paths 1",
          "mn": "ADBE Vector Filter - Trim",
          "hd": false
        }
      ],
      "ip": 29,
      "op": 60,
      "st": 0,
      "bm": 0
    }
  ],
  "markers": []
}